Row ID,Original URL,Normalized URL,Host variant,Scheme,Path,Page type,Topic/service,State/city inferred from slug,Export HTTP status,Live HTTP status,Canonical status,Page title,Referring domains,Top DR,UR,Total links,Dofollow,Nofollow,New links,Lost links,Redirect count (export metric),First seen,Last seen,Variant group size,Estimated business importance,Priority,Migration risk,Recommended action,Destination URL,Reason,Review flags,Missing data,Review status
URL-002,https://temporary123.com/,https://temporary123.com/,temporary123.com,https,/,Home,Other,Unknown,403,Not verified,Unknown,,541,91,4.5,695,169,526,195,177,0,2023-10-22 19:01:05,2026-09-10 19:27:04,4,High candidate,A,High,Preserve path pending review,Unassigned — production origin/content unapproved,Protect high-value candidate; verify source links and business relevance,Live fetch/indexability unresolved,Source URLs; Anchor text; Link context; Live canonical; Google indexation; Traffic/conversions; Business coverage; Approved target origin,Pending owner and source-level evidence
URL-003,https://www.temporary123.com/,https://temporary123.com/,www.temporary123.com,https,/,Home,Other,Unknown,301,Not verified,Unknown,,292,91,4.6,420,151,269,162,106,4,2023-05-16 15:08:35,2026-09-10 17:53:54,4,High candidate,B,High,Preserve path pending review,Unassigned — production origin/content unapproved,Protect high-value candidate; verify source links and business relevance,,Source URLs; Anchor text; Link context; Live canonical; Google indexation; Traffic/conversions; Business coverage; Approved target origin,Pending owner and source-level evidence
URL-004,https://temporary123.com/houston-texas-mobile-kitchen-rental/,https://temporary123.com/houston-texas-mobile-kitchen-rental/,temporary123.com,https,/houston-texas-mobile-kitchen-rental/,Service/location candidate,Mobile kitchens,"Houston, Texas",403,Not verified,Unknown,,8,74,0,12,5,7,11,0,0,2026-07-30 03:50:01,2026-09-10 03:18:17,2,High candidate,A,High,Preserve path pending review,Unassigned — production origin/content unapproved,Protect high-value candidate; verify source links and business relevance,Live fetch/indexability unresolved,Source URLs; Anchor text; Link context; Live canonical; Google indexation; Traffic/conversions; Business coverage; Approved target origin,Pending owner and source-level evidence
URL-005,https://www.temporary123.com/houston-texas-mobile-kitchen-rental/,https://temporary123.com/houston-texas-mobile-kitchen-rental/,www.temporary123.com,https,/houston-texas-mobile-kitchen-rental/,Service/location candidate,Mobile kitchens,"Houston, Texas",301,Not verified,Unknown,,7,74,4.4,10,3,7,9,0,0,2026-07-30 03:50:01,2026-09-10 03:18:17,2,High candidate,B,High,Preserve path pending review,Unassigned — production origin/content unapproved,Protect high-value candidate; verify source links and business relevance,,Source URLs; Anchor text; Link context; Live canonical; Google indexation; Traffic/conversions; Business coverage; Approved target origin,Pending owner and source-level evidence
URL-006,http://temporary123.com/,https://temporary123.com/,temporary123.com,http,/,Home,Other,Unknown,301,Not verified,Unknown,,6,91,4.6,6,6,0,3,0,0,2026-06-08 12:52:17,2026-09-10 08:36:31,4,High candidate,B,High,Preserve path pending review,Unassigned — production origin/content unapproved,Protect high-value candidate; verify source links and business relevance,,Source URLs; Anchor text; Link context; Live canonical; Google indexation; Traffic/conversions; Business coverage; Approved target origin,Pending owner and source-level evidence
URL-007,https://www.temporary123.com/equipment-rental/restroom-trailers/portable-restroom-trailers-in-california/,https://temporary123.com/equipment-rental/restroom-trailers/portable-restroom-trailers-in-california/,www.temporary123.com,https,/equipment-rental/restroom-trailers/portable-restroom-trailers-in-california/,Service/location candidate,Restroom trailers,California,301,Not verified,Unknown,,6,74,4.4,18,14,4,0,10,0,2023-10-16 17:43:18,2026-09-10 17:20:45,2,High candidate,B,High,Preserve path pending review,Unassigned — production origin/content unapproved,Protect high-value candidate; verify source links and business relevance,,Source URLs; Anchor text; Link context; Live canonical; Google indexation; Traffic/conversions; Business coverage; Approved target origin,Pending owner and source-level evidence
URL-008,https://temporary123.com/equipment-rental/restroom-trailers/portable-restroom-trailers-in-california/,https://temporary123.com/equipment-rental/restroom-trailers/portable-restroom-trailers-in-california/,temporary123.com,https,/equipment-rental/restroom-trailers/portable-restroom-trailers-in-california/,Service/location candidate,Restroom trailers,California,200,Not verified,Unknown,"Portable Restroom Trailers in California, USA – Temporary 123",5,74,0,5,2,3,1,1,0,2026-04-09 09:46:45,2026-09-10 17:20:45,2,High candidate,A,High,Preserve path pending review,Unassigned — production origin/content unapproved,Protect high-value candidate; verify source links and business relevance,,Source URLs; Anchor text; Link context; Live canonical; Google indexation; Traffic/conversions; Business coverage; Approved target origin,Pending owner and source-level evidence
URL-009,https://temporary123.com/temporary-workforce-housing-facilities/,https://temporary123.com/temporary-workforce-housing-facilities/,temporary123.com,https,/temporary-workforce-housing-facilities/,Service/location candidate,Workforce housing,Unknown,403,Not verified,Unknown,,4,59,4.4,5301,5301,0,1,695,0,2026-04-09 03:34:29,2026-08-31 17:29:43,2,Unverified,C,High,Escalate for manual review,Unassigned — production origin/content unapproved,Manual quality review before any migration decision,Possible sitewide pattern; source review required; Live fetch/indexability unresolved,Source URLs; Anchor text; Link context; Live canonical; Google indexation; Traffic/conversions; Business coverage; Approved target origin,Pending owner and source-level evidence
URL-010,https://www.temporary123.com/temporary-workforce-housing-facilities/,https://temporary123.com/temporary-workforce-housing-facilities/,www.temporary123.com,https,/temporary-workforce-housing-facilities/,Service/location candidate,Workforce housing,Unknown,301,Not verified,Unknown,,4,59,5,23073,23110,0,1,1995,0,2023-06-21 17:05:13,2026-08-31 17:29:43,2,Unverified,C,High,Escalate for manual review,Unassigned — production origin/content unapproved,Manual quality review before any migration decision,Possible sitewide pattern; source review required; Link totals do not reconcile,Source URLs; Anchor text; Link context; Live canonical; Google indexation; Traffic/conversions; Business coverage; Approved target origin,Pending owner and source-level evidence
URL-011,http://www.temporary123.com/,https://temporary123.com/,www.temporary123.com,http,/,Home,Other,Unknown,403,Not verified,Unknown,,3,90,4.6,77,75,2,1,4,0,2025-03-03 17:24:54,2026-08-18 11:43:02,4,High candidate,B,High,Preserve path pending review,Unassigned — production origin/content unapproved,Protect high-value candidate; verify source links and business relevance,Live fetch/indexability unresolved,Source URLs; Anchor text; Link context; Live canonical; Google indexation; Traffic/conversions; Business coverage; Approved target origin,Pending owner and source-level evidence
URL-063,https://www.temporary123.com/equipment-rental/shower-trailer/portable-shower-trailers-in-new-jersey-usa/,https://temporary123.com/equipment-rental/shower-trailer/portable-shower-trailers-in-new-jersey-usa/,www.temporary123.com,https,/equipment-rental/shower-trailer/portable-shower-trailers-in-new-jersey-usa/,Service/location candidate,Other,New Jersey Usa,,Not verified,Unknown,,2,68,,2,1,1,0,0,0,2025-12-25 01:59:14,2026-07-10 22:36:17,1,Unverified,E,Unresolved,Escalate for manual review,Unassigned — production origin/content unapproved,Insufficient content and backlink source evidence,Live fetch/indexability unresolved,Source URLs; Anchor text; Link context; Live canonical; Google indexation; Traffic/conversions; Business coverage; Approved target origin,Pending owner and source-level evidence
URL-064,https://www.temporary123.com/equipment-rental/sleeper-trailers/,https://temporary123.com/equipment-rental/sleeper-trailers/,www.temporary123.com,https,/equipment-rental/sleeper-trailers/,Service/location candidate,Other,Unknown,,Not verified,Unknown,,2,59,,344,344,0,0,0,0,2023-09-05 05:40:09,2026-07-01 20:24:51,1,Unverified,E,Unresolved,Escalate for manual review,Unassigned — production origin/content unapproved,Insufficient content and backlink source evidence,Live fetch/indexability unresolved,Source URLs; Anchor text; Link context; Live canonical; Google indexation; Traffic/conversions; Business coverage; Approved target origin,Pending owner and source-level evidence
URL-065,https://temporary123.com/containerized-shower-trailers/,https://temporary123.com/containerized-shower-trailers/,temporary123.com,https,/containerized-shower-trailers/,Service/location candidate,Other,Unknown,200,Not verified,Unknown,Containerized Shower Trailers – Temporary 123,1,66,0,1,1,0,1,0,0,2026-08-19 06:54:30,2026-08-19 06:54:30,2,Unverified,C,Unresolved,Escalate for manual review,Unassigned — production origin/content unapproved,Review commercial relevance and equivalent content,,Source URLs; Anchor text; Link context; Live canonical; Google indexation; Traffic/conversions; Business coverage; Approved target origin,Pending owner and source-level evidence
URL-066,https://temporary123.com/emergency-migrant-containerized-living-spaces/,https://temporary123.com/emergency-migrant-containerized-living-spaces/,temporary123.com,https,/emergency-migrant-containerized-living-spaces/,Service/location candidate,Other,Unknown,200,Not verified,Unknown,Emergency migrant containerized living Spaces: Single Occupancy Room Rentals – Temporary 123,1,61,0,1,1,0,1,0,0,2026-08-20 14:41:38,2026-09-03 14:42:54,2,Unverified,C,Unresolved,Escalate for manual review,Unassigned — production origin/content unapproved,Review commercial relevance and equivalent content,,Source URLs; Anchor text; Link context; Live canonical; Google indexation; Traffic/conversions; Business coverage; Approved target origin,Pending owner and source-level evidence
URL-067,https://temporary123.com/equipment-rental/breakroom-trailer/,https://temporary123.com/equipment-rental/breakroom-trailer/,temporary123.com,https,/equipment-rental/breakroom-trailer/,Service/location candidate,Other,Unknown,200,Not verified,Unknown,Breakroom Trailer – Temporary 123,1,56,4.4,178,178,0,0,0,0,2026-04-10 07:27:54,2026-04-17 15:33:23,2,Unverified,C,Unresolved,Escalate for manual review,Unassigned — production origin/content unapproved,Manual quality review before any migration decision,Repeated aggregate metrics; not proof of duplicate content,Source URLs; Anchor text; Link context; Live canonical; Google indexation; Traffic/conversions; Business coverage; Approved target origin,Pending owner and source-level evidence
URL-068,https://temporary123.com/equipment-rental/command-center-trailers/,https://temporary123.com/equipment-rental/command-center-trailers/,temporary123.com,https,/equipment-rental/command-center-trailers/,Service/location candidate,Other,Unknown,200,Not verified,Unknown,COMMAND CENTER TRAILERS – Temporary 123,1,56,4.4,178,178,0,0,0,0,2026-04-10 07:27:54,2026-04-17 15:33:23,2,Unverified,C,Unresolved,Escalate for manual review,Unassigned — production origin/content unapproved,Manual quality review before any migration decision,Repeated aggregate metrics; not proof of duplicate content,Source URLs; Anchor text; Link context; Live canonical; Google indexation; Traffic/conversions; Business coverage; Approved target origin,Pending owner and source-level evidence
URL-069,https://temporary123.com/equipment-rental/decontamination-trailers/,https://temporary123.com/equipment-rental/decontamination-trailers/,temporary123.com,https,/equipment-rental/decontamination-trailers/,Service/location candidate,Other,Unknown,403,Not verified,Unknown,,1,56,4.4,190,190,0,0,0,0,2026-04-10 07:28:29,2026-04-17 15:33:23,2,Unverified,E,Unresolved,Escalate for manual review,Unassigned — production origin/content unapproved,Insufficient content and backlink source evidence,Live fetch/indexability unresolved,Source URLs; Anchor text; Link context; Live canonical; Google indexation; Traffic/conversions; Business coverage; Approved target origin,Pending owner and source-level evidence
URL-070,https://temporary123.com/equipment-rental/dump-rental/,https://temporary123.com/equipment-rental/dump-rental/,temporary123.com,https,/equipment-rental/dump-rental/,Service/location candidate,Other,Unknown,200,Not verified,Unknown,DUMP RENTAL – Temporary 123,1,56,0,105,105,0,0,0,0,2026-04-10 06:09:17,2026-04-17 15:33:23,2,Unverified,C,Unresolved,Escalate for manual review,Unassigned — production origin/content unapproved,Review commercial relevance and equivalent content,,Source URLs; Anchor text; Link context; Live canonical; Google indexation; Traffic/conversions; Business coverage; Approved target origin,Pending owner and source-level evidence
URL-071,https://temporary123.com/equipment-rental/generator-trailers/,https://temporary123.com/equipment-rental/generator-trailers/,temporary123.com,https,/equipment-rental/generator-trailers/,Service/location candidate,Other,Unknown,200,Not verified,Unknown,Generator Trailers Rental in USA – Temporary 123,1,56,0,107,107,0,0,0,0,2026-04-10 07:27:54,2026-04-17 15:33:23,2,Unverified,C,Unresolved,Escalate for manual review,Unassigned — production origin/content unapproved,Review commercial relevance and equivalent content,,Source URLs; Anchor text; Link context; Live canonical; Google indexation; Traffic/conversions; Business coverage; Approved target origin,Pending owner and source-level evidence
URL-072,https://temporary123.com/equipment-rental/mobile-office-trailers/,https://temporary123.com/equipment-rental/mobile-office-trailers/,temporary123.com,https,/equipment-rental/mobile-office-trailers/,Service/location candidate,Other,Unknown,200,Not verified,Unknown,Mobile Office Trailers – Temporary 123,1,56,4.4,177,177,0,0,0,0,2026-04-10 06:09:17,2026-04-17 15:33:23,2,Unverified,C,Unresolved,Escalate for manual review,Unassigned — production origin/content unapproved,Review commercial relevance and equivalent content,,Source URLs; Anchor text; Link context; Live canonical; Google indexation; Traffic/conversions; Business coverage; Approved target origin,Pending owner and source-level evidence
URL-073,https://temporary123.com/equipment-rental/multi-trailer/,https://temporary123.com/equipment-rental/multi-trailer/,temporary123.com,https,/equipment-rental/multi-trailer/,Service/location candidate,Other,Unknown,200,Not verified,Unknown,MULTI-TRAILER – Temporary 123,1,56,4.4,178,178,0,0,0,0,2026-04-10 07:27:54,2026-04-17 15:33:23,2,Unverified,C,Unresolved,Escalate for manual review,Unassigned — production origin/content unapproved,Manual quality review before any migration decision,Repeated aggregate metrics; not proof of duplicate content,Source URLs; Anchor text; Link context; Live canonical; Google indexation; Traffic/conversions; Business coverage; Approved target origin,Pending owner and source-level evidence
URL-074,https://temporary123.com/equipment-rental/port-potties-and-port-johns/,https://temporary123.com/equipment-rental/port-potties-and-port-johns/,temporary123.com,https,/equipment-rental/port-potties-and-port-johns/,Service/location candidate,Other,Unknown,200,Not verified,Unknown,Port Potties and Port Johns – Temporary 123,1,56,0,107,107,0,0,0,0,2026-04-10 07:27:54,2026-04-17 15:33:23,2,Unverified,C,Unresolved,Escalate for manual review,Unassigned — production origin/content unapproved,Review commercial relevance and equivalent content,,Source URLs; Anchor text; Link context; Live canonical; Google indexation; Traffic/conversions; Business coverage; Approved target origin,Pending owner and source-level evidence
URL-075,https://temporary123.com/equipment-rental/ramp-rental/,https://temporary123.com/equipment-rental/ramp-rental/,temporary123.com,https,/equipment-rental/ramp-rental/,Service/location candidate,Other,Unknown,200,Not verified,Unknown,RAMP RENTAL – Temporary 123,1,56,4.4,111,111,0,0,0,0,2026-04-10 07:28:29,2026-04-17 15:33:23,2,Unverified,C,Unresolved,Escalate for manual review,Unassigned — production origin/content unapproved,Review commercial relevance and equivalent content,,Source URLs; Anchor text; Link context; Live canonical; Google indexation; Traffic/conversions; Business coverage; Approved target origin,Pending owner and source-level evidence
URL-076,https://temporary123.com/equipment-rental/restroom-trailers/,https://temporary123.com/equipment-rental/restroom-trailers/,temporary123.com,https,/equipment-rental/restroom-trailers/,Service/location candidate,Restroom trailers,Unknown,200,Not verified,Unknown,Restroom Trailers Rental in USA – Temporary 123,1,56,4.4,178,178,0,0,0,0,2026-04-10 07:27:54,2026-04-17 15:33:23,2,Unverified,C,Unresolved,Escalate for manual review,Unassigned — production origin/content unapproved,Manual quality review before any migration decision,Repeated aggregate metrics; not proof of duplicate content,Source URLs; Anchor text; Link context; Live canonical; Google indexation; Traffic/conversions; Business coverage; Approved target origin,Pending owner and source-level evidence
URL-097,https://temporary123.com/equipment-rental/shower-trailer/,https://temporary123.com/equipment-rental/shower-trailer/,temporary123.com,https,/equipment-rental/shower-trailer/,Service/location candidate,Other,Unknown,200,Not verified,Unknown,Shower Trailer Rental in USA – Temporary 123,1,56,4.4,178,178,0,0,0,0,2026-04-10 07:27:54,2026-04-17 15:33:23,2,Unverified,C,Unresolved,Escalate for manual review,Unassigned — production origin/content unapproved,Manual quality review before any migration decision,Repeated aggregate metrics; not proof of duplicate content,Source URLs; Anchor text; Link context; Live canonical; Google indexation; Traffic/conversions; Business coverage; Approved target origin,Pending owner and source-level evidence
URL-098,https://temporary123.com/equipment-rental/stair-rental/,https://temporary123.com/equipment-rental/stair-rental/,temporary123.com,https,/equipment-rental/stair-rental/,Service/location candidate,Other,Unknown,200,Not verified,Unknown,STAIR RENTAL – Temporary 123,1,56,0,107,107,0,0,0,0,2026-04-10 07:27:54,2026-04-17 15:33:23,2,Unverified,C,Unresolved,Escalate for manual review,Unassigned — production origin/content unapproved,Review commercial relevance and equivalent content,,Source URLs; Anchor text; Link context; Live canonical; Google indexation; Traffic/conversions; Business coverage; Approved target origin,Pending owner and source-level evidence
URL-099,https://temporary123.com/equipment-rental/waste-container/,https://temporary123.com/equipment-rental/waste-container/,temporary123.com,https,/equipment-rental/waste-container/,Service/location candidate,Other,Unknown,200,Not verified,Unknown,WASTE CONTAINER – Temporary 123,1,56,0,105,105,0,0,0,0,2026-04-10 06:09:17,2026-04-17 15:33:23,2,Unverified,C,Unresolved,Escalate for manual review,Unassigned — production origin/content unapproved,Review commercial relevance and equivalent content,,Source URLs; Anchor text; Link context; Live canonical; Google indexation; Traffic/conversions; Business coverage; Approved target origin,Pending owner and source-level evidence
URL-100,https://temporary123.com/equipment-rental/wastewater-and-freshwater-container/,https://temporary123.com/equipment-rental/wastewater-and-freshwater-container/,temporary123.com,https,/equipment-rental/wastewater-and-freshwater-container/,Service/location candidate,Other,Unknown,403,Not verified,Unknown,,1,56,0,107,107,0,0,0,0,2026-04-10 07:27:54,2026-04-17 15:33:23,2,Unverified,E,Unresolved,Escalate for manual review,Unassigned — production origin/content unapproved,Insufficient content and backlink source evidence,Live fetch/indexability unresolved,Source URLs; Anchor text; Link context; Live canonical; Google indexation; Traffic/conversions; Business coverage; Approved target origin,Pending owner and source-level evidence
URL-102,https://temporary123.com/mobile-kitchen-trailer-rental/,https://temporary123.com/mobile-kitchen-trailer-rental/,temporary123.com,https,/mobile-kitchen-trailer-rental/,Service/location candidate,Mobile kitchens,Unknown,,Not verified,Unknown,,1,68,,1,1,0,1,0,0,2026-08-24 22:05:49,2026-08-24 22:05:49,1,Unverified,C,Unresolved,Escalate for manual review,Unassigned — production origin/content unapproved,Manual quality review before any migration decision,Repeated aggregate metrics; not proof of duplicate content; Live fetch/indexability unresolved,Source URLs; Anchor text; Link context; Live canonical; Google indexation; Traffic/conversions; Business coverage; Approved target origin,Pending owner and source-level evidence
URL-103,https://temporary123.com/portable-dishwashing-trailer-rental/,https://temporary123.com/portable-dishwashing-trailer-rental/,temporary123.com,https,/portable-dishwashing-trailer-rental/,Service/location candidate,Other,Unknown,,Not verified,Unknown,,1,68,,1,1,0,1,0,0,2026-08-24 22:05:49,2026-08-24 22:05:49,1,Unverified,C,Unresolved,Escalate for manual review,Unassigned — production origin/content unapproved,Manual quality review before any migration decision,Repeated aggregate metrics; not proof of duplicate content; Live fetch/indexability unresolved,Source URLs; Anchor text; Link context; Live canonical; Google indexation; Traffic/conversions; Business coverage; Approved target origin,Pending owner and source-level evidence
URL-105,https://temporary123.com/remote-workforce-house-company-in-alabama/,https://temporary123.com/remote-workforce-house-company-in-alabama/,temporary123.com,https,/remote-workforce-house-company-in-alabama/,Service/location candidate,Workforce housing,Alabama,200,Not verified,Unknown,Remote Workforce House Company in Alabama – Temporary 123,1,56,4.4,4494,4494,0,0,694,0,2026-04-09 03:29:00,2026-04-17 16:38:40,2,Unverified,C,High,Escalate for manual review,Unassigned — production origin/content unapproved,Manual quality review before any migration decision,Possible sitewide pattern; source review required,Source URLs; Anchor text; Link context; Live canonical; Google indexation; Traffic/conversions; Business coverage; Approved target origin,Pending owner and source-level evidence
URL-106,https://temporary123.com/remote-workforce-housing-rentals-in-arizona/,https://temporary123.com/remote-workforce-housing-rentals-in-arizona/,temporary123.com,https,/remote-workforce-housing-rentals-in-arizona/,Service/location candidate,Workforce housing,Arizona,403,Not verified,Unknown,,1,56,4.4,2313,2313,0,0,0,0,2026-04-17 08:45:47,2026-04-17 16:38:40,2,Unverified,C,High,Escalate for manual review,Unassigned — production origin/content unapproved,Manual quality review before any migration decision,Possible sitewide pattern; source review required; Live fetch/indexability unresolved,Source URLs; Anchor text; Link context; Live canonical; Google indexation; Traffic/conversions; Business coverage; Approved target origin,Pending owner and source-level evidence
URL-107,https://temporary123.com/restroom-trailer-rental/,https://temporary123.com/restroom-trailer-rental/,temporary123.com,https,/restroom-trailer-rental/,Service/location candidate,Restroom trailers,Unknown,,Not verified,Unknown,,1,68,,1,1,0,1,0,0,2026-08-24 22:05:49,2026-08-24 22:05:49,1,Unverified,C,Unresolved,Escalate for manual review,Unassigned — production origin/content unapproved,Manual quality review before any migration decision,Repeated aggregate metrics; not proof of duplicate content; Live fetch/indexability unresolved,Source URLs; Anchor text; Link context; Live canonical; Google indexation; Traffic/conversions; Business coverage; Approved target origin,Pending owner and source-level evidence
URL-109,https://temporary123.com/shower-trailer-rental/,https://temporary123.com/shower-trailer-rental/,temporary123.com,https,/shower-trailer-rental/,Service/location candidate,Other,Unknown,,Not verified,Unknown,,1,68,,1,1,0,1,0,0,2026-08-24 22:05:49,2026-08-24 22:05:49,1,Unverified,C,Unresolved,Escalate for manual review,Unassigned — production origin/content unapproved,Manual quality review before any migration decision,Repeated aggregate metrics; not proof of duplicate content; Live fetch/indexability unresolved,Source URLs; Anchor text; Link context; Live canonical; Google indexation; Traffic/conversions; Business coverage; Approved target origin,Pending owner and source-level evidence
URL-110,https://temporary123.com/sleeper-trailer-rental/,https://temporary123.com/sleeper-trailer-rental/,temporary123.com,https,/sleeper-trailer-rental/,Service/location candidate,Other,Unknown,,Not verified,Unknown,,1,68,,1,1,0,1,0,0,2026-08-24 22:05:49,2026-08-24 22:05:49,1,Unverified,C,Unresolved,Escalate for manual review,Unassigned — production origin/content unapproved,Manual quality review before any migration decision,Repeated aggregate metrics; not proof of duplicate content; Live fetch/indexability unresolved,Source URLs; Anchor text; Link context; Live canonical; Google indexation; Traffic/conversions; Business coverage; Approved target origin,Pending owner and source-level evidence
URL-111,https://temporary123.com/workforce-housing-shelters-in-colorado/,https://temporary123.com/workforce-housing-shelters-in-colorado/,temporary123.com,https,/workforce-housing-shelters-in-colorado/,Service/location candidate,Workforce housing,Colorado,403,Not verified,Unknown,,1,56,0,45,45,0,0,0,0,2026-04-17 11:03:56,2026-04-17 15:33:23,2,Unverified,E,Unresolved,Escalate for manual review,Unassigned — production origin/content unapproved,Insufficient content and backlink source evidence,Live fetch/indexability unresolved,Source URLs; Anchor text; Link context; Live canonical; Google indexation; Traffic/conversions; Business coverage; Approved target origin,Pending owner and source-level evidence
URL-113,https://www.temporary123.com/containerized-shower-trailers/,https://temporary123.com/containerized-shower-trailers/,www.temporary123.com,https,/containerized-shower-trailers/,Service/location candidate,Other,Unknown,301,Not verified,Unknown,,1,66,4.6,1,1,0,0,0,0,2025-12-22 05:54:16,2026-08-19 06:54:30,2,Unverified,E,Unresolved,Escalate for manual review,Unassigned — production origin/content unapproved,Insufficient content and backlink source evidence,,Source URLs; Anchor text; Link context; Live canonical; Google indexation; Traffic/conversions; Business coverage; Approved target origin,Pending owner and source-level evidence
URL-114,https://www.temporary123.com/emergency-migrant-containerized-living-spaces/,https://temporary123.com/emergency-migrant-containerized-living-spaces/,www.temporary123.com,https,/emergency-migrant-containerized-living-spaces/,Service/location candidate,Other,Unknown,301,Not verified,Unknown,,1,61,4.6,1,1,0,1,0,0,2026-08-20 14:41:38,2026-09-03 14:42:54,2,Unverified,E,Unresolved,Escalate for manual review,Unassigned — production origin/content unapproved,Insufficient content and backlink source evidence,,Source URLs; Anchor text; Link context; Live canonical; Google indexation; Traffic/conversions; Business coverage; Approved target origin,Pending owner and source-level evidence
URL-115,https://www.temporary123.com/emergency-workforce-housing-in-california/,https://temporary123.com/emergency-workforce-housing-in-california/,www.temporary123.com,https,/emergency-workforce-housing-in-california/,Service/location candidate,Workforce housing,California,403,Not verified,Unknown,,1,56,4.8,88,88,0,0,0,0,2023-07-15 00:19:57,2026-04-17 15:33:23,1,Unverified,E,Unresolved,Escalate for manual review,Unassigned — production origin/content unapproved,Insufficient content and backlink source evidence,Live fetch/indexability unresolved,Source URLs; Anchor text; Link context; Live canonical; Google indexation; Traffic/conversions; Business coverage; Approved target origin,Pending owner and source-level evidence
URL-116,https://www.temporary123.com/equipment-rental/breakroom-trailer/,https://temporary123.com/equipment-rental/breakroom-trailer/,www.temporary123.com,https,/equipment-rental/breakroom-trailer/,Service/location candidate,Other,Unknown,301,Not verified,Unknown,,1,56,4.6,343,343,0,0,0,0,2023-09-05 05:40:09,2026-04-17 15:33:23,2,Unverified,C,Unresolved,Escalate for manual review,Unassigned — production origin/content unapproved,Manual quality review before any migration decision,Repeated aggregate metrics; not proof of duplicate content,Source URLs; Anchor text; Link context; Live canonical; Google indexation; Traffic/conversions; Business coverage; Approved target origin,Pending owner and source-level evidence
URL-117,https://www.temporary123.com/equipment-rental/command-center-trailers/,https://temporary123.com/equipment-rental/command-center-trailers/,www.temporary123.com,https,/equipment-rental/command-center-trailers/,Service/location candidate,Other,Unknown,301,Not verified,Unknown,,1,56,4.6,343,343,0,0,0,0,2023-09-05 05:40:09,2026-04-17 15:33:23,2,Unverified,C,Unresolved,Escalate for manual review,Unassigned — production origin/content unapproved,Manual quality review before any migration decision,Repeated aggregate metrics; not proof of duplicate content,Source URLs; Anchor text; Link context; Live canonical; Google indexation; Traffic/conversions; Business coverage; Approved target origin,Pending owner and source-level evidence
URL-118,https://www.temporary123.com/equipment-rental/decontamination-trailers/,https://temporary123.com/equipment-rental/decontamination-trailers/,www.temporary123.com,https,/equipment-rental/decontamination-trailers/,Service/location candidate,Other,Unknown,301,Not verified,Unknown,,1,56,4.6,343,343,0,0,0,0,2023-09-05 05:40:09,2026-04-17 15:33:23,2,Unverified,C,Unresolved,Escalate for manual review,Unassigned — production origin/content unapproved,Manual quality review before any migration decision,Repeated aggregate metrics; not proof of duplicate content,Source URLs; Anchor text; Link context; Live canonical; Google indexation; Traffic/conversions; Business coverage; Approved target origin,Pending owner and source-level evidence
URL-119,https://www.temporary123.com/equipment-rental/dump-rental/,https://temporary123.com/equipment-rental/dump-rental/,www.temporary123.com,https,/equipment-rental/dump-rental/,Service/location candidate,Other,Unknown,301,Not verified,Unknown,,1,56,4.6,239,239,0,0,0,0,2023-09-05 05:40:09,2026-04-17 15:33:23,2,Unverified,C,Unresolved,Escalate for manual review,Unassigned — production origin/content unapproved,Manual quality review before any migration decision,Repeated aggregate metrics; not proof of duplicate content,Source URLs; Anchor text; Link context; Live canonical; Google indexation; Traffic/conversions; Business coverage; Approved target origin,Pending owner and source-level evidence
URL-120,https://www.temporary123.com/equipment-rental/generator-trailers/,https://temporary123.com/equipment-rental/generator-trailers/,www.temporary123.com,https,/equipment-rental/generator-trailers/,Service/location candidate,Other,Unknown,301,Not verified,Unknown,,1,56,4.6,239,239,0,0,0,0,2023-09-05 05:40:09,2026-04-17 15:33:23,2,Unverified,C,Unresolved,Escalate for manual review,Unassigned — production origin/content unapproved,Manual quality review before any migration decision,Repeated aggregate metrics; not proof of duplicate content,Source URLs; Anchor text; Link context; Live canonical; Google indexation; Traffic/conversions; Business coverage; Approved target origin,Pending owner and source-level evidence
URL-121,https://www.temporary123.com/equipment-rental/mobile-office-trailers/,https://temporary123.com/equipment-rental/mobile-office-trailers/,www.temporary123.com,https,/equipment-rental/mobile-office-trailers/,Service/location candidate,Other,Unknown,301,Not verified,Unknown,,1,56,4.6,343,343,0,0,0,0,2023-09-05 05:40:09,2026-04-17 15:33:23,2,Unverified,C,Unresolved,Escalate for manual review,Unassigned — production origin/content unapproved,Manual quality review before any migration decision,Repeated aggregate metrics; not proof of duplicate content,Source URLs; Anchor text; Link context; Live canonical; Google indexation; Traffic/conversions; Business coverage; Approved target origin,Pending owner and source-level evidence
URL-122,https://www.temporary123.com/equipment-rental/multi-trailer/,https://temporary123.com/equipment-rental/multi-trailer/,www.temporary123.com,https,/equipment-rental/multi-trailer/,Service/location candidate,Other,Unknown,301,Not verified,Unknown,,1,56,4.6,343,343,0,0,0,0,2023-09-05 05:40:09,2026-04-17 15:33:23,2,Unverified,C,Unresolved,Escalate for manual review,Unassigned — production origin/content unapproved,Manual quality review before any migration decision,Repeated aggregate metrics; not proof of duplicate content,Source URLs; Anchor text; Link context; Live canonical; Google indexation; Traffic/conversions; Business coverage; Approved target origin,Pending owner and source-level evidence
URL-123,https://www.temporary123.com/equipment-rental/port-potties-and-port-johns/,https://temporary123.com/equipment-rental/port-potties-and-port-johns/,www.temporary123.com,https,/equipment-rental/port-potties-and-port-johns/,Service/location candidate,Other,Unknown,301,Not verified,Unknown,,1,56,4.6,239,239,0,0,0,0,2023-09-05 05:40:09,2026-04-17 15:33:23,2,Unverified,C,Unresolved,Escalate for manual review,Unassigned — production origin/content unapproved,Manual quality review before any migration decision,Repeated aggregate metrics; not proof of duplicate content,Source URLs; Anchor text; Link context; Live canonical; Google indexation; Traffic/conversions; Business coverage; Approved target origin,Pending owner and source-level evidence
URL-124,https://www.temporary123.com/equipment-rental/ramp-rental/,https://temporary123.com/equipment-rental/ramp-rental/,www.temporary123.com,https,/equipment-rental/ramp-rental/,Service/location candidate,Other,Unknown,301,Not verified,Unknown,,1,56,4.6,239,239,0,0,0,0,2023-09-05 05:40:09,2026-04-17 15:33:23,2,Unverified,C,Unresolved,Escalate for manual review,Unassigned — production origin/content unapproved,Manual quality review before any migration decision,Repeated aggregate metrics; not proof of duplicate content,Source URLs; Anchor text; Link context; Live canonical; Google indexation; Traffic/conversions; Business coverage; Approved target origin,Pending owner and source-level evidence
URL-125,https://www.temporary123.com/equipment-rental/restroom-trailers/,https://temporary123.com/equipment-rental/restroom-trailers/,www.temporary123.com,https,/equipment-rental/restroom-trailers/,Service/location candidate,Restroom trailers,Unknown,301,Not verified,Unknown,,1,56,4.6,343,343,0,0,0,0,2023-09-05 05:40:09,2026-04-17 15:33:23,2,Unverified,C,Unresolved,Escalate for manual review,Unassigned — production origin/content unapproved,Manual quality review before any migration decision,Repeated aggregate metrics; not proof of duplicate content,Source URLs; Anchor text; Link context; Live canonical; Google indexation; Traffic/conversions; Business coverage; Approved target origin,Pending owner and source-level evidence
URL-126,https://www.temporary123.com/equipment-rental/shower-trailer/,https://temporary123.com/equipment-rental/shower-trailer/,www.temporary123.com,https,/equipment-rental/shower-trailer/,Service/location candidate,Other,Unknown,301,Not verified,Unknown,,1,56,4.6,343,343,0,0,0,0,2023-09-05 05:40:09,2026-04-17 15:33:23,2,Unverified,C,Unresolved,Escalate for manual review,Unassigned — production origin/content unapproved,Manual quality review before any migration decision,Repeated aggregate metrics; not proof of duplicate content,Source URLs; Anchor text; Link context; Live canonical; Google indexation; Traffic/conversions; Business coverage; Approved target origin,Pending owner and source-level evidence
URL-127,https://www.temporary123.com/equipment-rental/stair-rental/,https://temporary123.com/equipment-rental/stair-rental/,www.temporary123.com,https,/equipment-rental/stair-rental/,Service/location candidate,Other,Unknown,301,Not verified,Unknown,,1,56,4.6,239,239,0,0,0,0,2023-09-05 05:40:09,2026-04-17 15:33:23,2,Unverified,C,Unresolved,Escalate for manual review,Unassigned — production origin/content unapproved,Manual quality review before any migration decision,Repeated aggregate metrics; not proof of duplicate content,Source URLs; Anchor text; Link context; Live canonical; Google indexation; Traffic/conversions; Business coverage; Approved target origin,Pending owner and source-level evidence
URL-128,https://www.temporary123.com/equipment-rental/waste-container/,https://temporary123.com/equipment-rental/waste-container/,www.temporary123.com,https,/equipment-rental/waste-container/,Service/location candidate,Other,Unknown,301,Not verified,Unknown,,1,56,4.6,239,239,0,0,0,0,2023-09-05 05:40:09,2026-04-17 15:33:23,2,Unverified,C,Unresolved,Escalate for manual review,Unassigned — production origin/content unapproved,Manual quality review before any migration decision,Repeated aggregate metrics; not proof of duplicate content,Source URLs; Anchor text; Link context; Live canonical; Google indexation; Traffic/conversions; Business coverage; Approved target origin,Pending owner and source-level evidence
URL-129,https://www.temporary123.com/equipment-rental/wastewater-and-freshwater-container/,https://temporary123.com/equipment-rental/wastewater-and-freshwater-container/,www.temporary123.com,https,/equipment-rental/wastewater-and-freshwater-container/,Service/location candidate,Other,Unknown,301,Not verified,Unknown,,1,56,4.6,239,239,0,0,0,0,2023-09-05 05:40:09,2026-04-17 15:33:23,2,Unverified,C,Unresolved,Escalate for manual review,Unassigned — production origin/content unapproved,Manual quality review before any migration decision,Repeated aggregate metrics; not proof of duplicate content,Source URLs; Anchor text; Link context; Live canonical; Google indexation; Traffic/conversions; Business coverage; Approved target origin,Pending owner and source-level evidence
URL-131,https://www.temporary123.com/modular-temporary-camp-facilities/,https://temporary123.com/modular-temporary-camp-facilities/,www.temporary123.com,https,/modular-temporary-camp-facilities/,Service/location candidate,Other,Unknown,403,Not verified,Unknown,,1,59,4.4,1,1,0,0,0,0,2025-10-07 21:55:40,2026-07-01 20:24:51,1,Unverified,E,Unresolved,Escalate for manual review,Unassigned — production origin/content unapproved,Insufficient content and backlink source evidence,Live fetch/indexability unresolved,Source URLs; Anchor text; Link context; Live canonical; Google indexation; Traffic/conversions; Business coverage; Approved target origin,Pending owner and source-level evidence
URL-132,https://www.temporary123.com/modular-temporary-workforce-housing-facilities/,https://temporary123.com/modular-temporary-workforce-housing-facilities/,www.temporary123.com,https,/modular-temporary-workforce-housing-facilities/,Service/location candidate,Workforce housing,Unknown,403,Not verified,Unknown,,1,56,4.4,1,1,0,0,0,0,2023-06-26 13:43:48,2026-04-17 10:07:26,1,Unverified,C,Unresolved,Escalate for manual review,Unassigned — production origin/content unapproved,Manual quality review before any migration decision,Repeated aggregate metrics; not proof of duplicate content; Live fetch/indexability unresolved,Source URLs; Anchor text; Link context; Live canonical; Google indexation; Traffic/conversions; Business coverage; Approved target origin,Pending owner and source-level evidence
URL-133,https://www.temporary123.com/remote-basecamp-housing-service-company/,https://temporary123.com/remote-basecamp-housing-service-company/,www.temporary123.com,https,/remote-basecamp-housing-service-company/,Service/location candidate,Workforce housing,Unknown,403,Not verified,Unknown,,1,56,0,1,1,0,0,0,0,2023-06-26 13:43:48,2026-04-17 10:07:26,1,Unverified,C,Unresolved,Escalate for manual review,Unassigned — production origin/content unapproved,Manual quality review before any migration decision,Repeated aggregate metrics; not proof of duplicate content; Live fetch/indexability unresolved,Source URLs; Anchor text; Link context; Live canonical; Google indexation; Traffic/conversions; Business coverage; Approved target origin,Pending owner and source-level evidence
URL-135,https://www.temporary123.com/remote-housing-facilities/,https://temporary123.com/remote-housing-facilities/,www.temporary123.com,https,/remote-housing-facilities/,Service/location candidate,Workforce housing,Unknown,403,Not verified,Unknown,,1,56,0,1,1,0,0,0,0,2023-06-26 13:43:48,2026-04-17 10:07:26,1,Unverified,C,Unresolved,Escalate for manual review,Unassigned — production origin/content unapproved,Manual quality review before any migration decision,Repeated aggregate metrics; not proof of duplicate content; Live fetch/indexability unresolved,Source URLs; Anchor text; Link context; Live canonical; Google indexation; Traffic/conversions; Business coverage; Approved target origin,Pending owner and source-level evidence
URL-136,https://www.temporary123.com/remote-temporary-workforce-housing-facilities-rental/,https://temporary123.com/remote-temporary-workforce-housing-facilities-rental/,www.temporary123.com,https,/remote-temporary-workforce-housing-facilities-rental/,Service/location candidate,Workforce housing,Unknown,403,Not verified,Unknown,,1,56,0,1,1,0,0,0,0,2023-06-26 13:43:48,2026-04-17 10:07:26,1,Unverified,C,Unresolved,Escalate for manual review,Unassigned — production origin/content unapproved,Manual quality review before any migration decision,Repeated aggregate metrics; not proof of duplicate content; Live fetch/indexability unresolved,Source URLs; Anchor text; Link context; Live canonical; Google indexation; Traffic/conversions; Business coverage; Approved target origin,Pending owner and source-level evidence
URL-137,https://www.temporary123.com/remote-workforce-house-company-in-alabama/,https://temporary123.com/remote-workforce-house-company-in-alabama/,www.temporary123.com,https,/remote-workforce-house-company-in-alabama/,Service/location candidate,Workforce housing,Alabama,301,Not verified,Unknown,,1,56,5,23068,23091,0,0,1991,0,2023-06-28 23:36:32,2026-04-17 16:38:40,2,Unverified,C,High,Escalate for manual review,Unassigned — production origin/content unapproved,Manual quality review before any migration decision,Possible sitewide pattern; source review required; Link totals do not reconcile,Source URLs; Anchor text; Link context; Live canonical; Google indexation; Traffic/conversions; Business coverage; Approved target origin,Pending owner and source-level evidence
URL-138,https://www.temporary123.com/remote-workforce-house-company-in-hawaii/,https://temporary123.com/remote-workforce-house-company-in-hawaii/,www.temporary123.com,https,/remote-workforce-house-company-in-hawaii/,Service/location candidate,Workforce housing,Hawaii,403,Not verified,Unknown,,1,56,4.8,87,87,0,0,0,0,2023-09-05 05:40:09,2026-04-17 15:33:23,1,Unverified,C,Unresolved,Escalate for manual review,Unassigned — production origin/content unapproved,Manual quality review before any migration decision,Repeated aggregate metrics; not proof of duplicate content; Live fetch/indexability unresolved,Source URLs; Anchor text; Link context; Live canonical; Google indexation; Traffic/conversions; Business coverage; Approved target origin,Pending owner and source-level evidence
URL-139,https://www.temporary123.com/remote-workforce-housing-facilities/,https://temporary123.com/remote-workforce-housing-facilities/,www.temporary123.com,https,/remote-workforce-housing-facilities/,Service/location candidate,Workforce housing,Unknown,403,Not verified,Unknown,,1,56,4.4,1,1,0,0,0,0,2023-06-26 13:43:48,2026-04-17 10:07:26,1,Unverified,C,Unresolved,Escalate for manual review,Unassigned — production origin/content unapproved,Manual quality review before any migration decision,Repeated aggregate metrics; not proof of duplicate content; Live fetch/indexability unresolved,Source URLs; Anchor text; Link context; Live canonical; Google indexation; Traffic/conversions; Business coverage; Approved target origin,Pending owner and source-level evidence
URL-140,https://www.temporary123.com/remote-workforce-housing-in-alabama/,https://temporary123.com/remote-workforce-housing-in-alabama/,www.temporary123.com,https,/remote-workforce-housing-in-alabama/,Service/location candidate,Workforce housing,Alabama,403,Not verified,Unknown,,1,56,4.7,1,1,0,0,0,0,2023-08-18 00:33:42,2026-04-09 01:26:32,1,Unverified,C,Unresolved,Escalate for manual review,Unassigned — production origin/content unapproved,Manual quality review before any migration decision,Repeated aggregate metrics; not proof of duplicate content; Live fetch/indexability unresolved,Source URLs; Anchor text; Link context; Live canonical; Google indexation; Traffic/conversions; Business coverage; Approved target origin,Pending owner and source-level evidence
URL-141,https://www.temporary123.com/remote-workforce-housing-rentals-in-arizona/,https://temporary123.com/remote-workforce-housing-rentals-in-arizona/,www.temporary123.com,https,/remote-workforce-housing-rentals-in-arizona/,Service/location candidate,Workforce housing,Arizona,301,Not verified,Unknown,,1,56,5,23009,23091,0,0,1991,0,2023-06-28 23:36:32,2026-04-17 16:38:40,2,Unverified,C,High,Escalate for manual review,Unassigned — production origin/content unapproved,Manual quality review before any migration decision,Possible sitewide pattern; source review required; Link totals do not reconcile,Source URLs; Anchor text; Link context; Live canonical; Google indexation; Traffic/conversions; Business coverage; Approved target origin,Pending owner and source-level evidence
URL-142,https://www.temporary123.com/remote-workforce-housing-services-in-alaska/,https://temporary123.com/remote-workforce-housing-services-in-alaska/,www.temporary123.com,https,/remote-workforce-housing-services-in-alaska/,Service/location candidate,Workforce housing,Alaska,403,Not verified,Unknown,,1,56,5,22988,23091,0,0,1991,0,2023-06-28 23:36:32,2026-04-17 16:38:40,1,Unverified,C,High,Escalate for manual review,Unassigned — production origin/content unapproved,Manual quality review before any migration decision,Possible sitewide pattern; source review required; Link totals do not reconcile; Live fetch/indexability unresolved,Source URLs; Anchor text; Link context; Live canonical; Google indexation; Traffic/conversions; Business coverage; Approved target origin,Pending owner and source-level evidence
URL-143,https://www.temporary123.com/remote-workforce-housing-services-in-idaho/,https://temporary123.com/remote-workforce-housing-services-in-idaho/,www.temporary123.com,https,/remote-workforce-housing-services-in-idaho/,Service/location candidate,Workforce housing,Idaho,403,Not verified,Unknown,,1,56,4.8,87,87,0,0,0,0,2023-09-05 05:40:09,2026-04-17 15:33:23,1,Unverified,C,Unresolved,Escalate for manual review,Unassigned — production origin/content unapproved,Manual quality review before any migration decision,Repeated aggregate metrics; not proof of duplicate content; Live fetch/indexability unresolved,Source URLs; Anchor text; Link context; Live canonical; Google indexation; Traffic/conversions; Business coverage; Approved target origin,Pending owner and source-level evidence
URL-144,https://www.temporary123.com/temporary-remote-workforce-housing-services-in-arkansas/,https://temporary123.com/temporary-remote-workforce-housing-services-in-arkansas/,www.temporary123.com,https,/temporary-remote-workforce-housing-services-in-arkansas/,Service/location candidate,Workforce housing,Arkansas,403,Not verified,Unknown,,1,56,4.8,87,87,0,0,0,0,2023-09-05 05:40:09,2026-04-17 15:33:23,1,Unverified,C,Unresolved,Escalate for manual review,Unassigned — production origin/content unapproved,Manual quality review before any migration decision,Repeated aggregate metrics; not proof of duplicate content; Live fetch/indexability unresolved,Source URLs; Anchor text; Link context; Live canonical; Google indexation; Traffic/conversions; Business coverage; Approved target origin,Pending owner and source-level evidence
URL-145,https://www.temporary123.com/temporary-remote-workforce-housing-services-in-illinois/,https://temporary123.com/temporary-remote-workforce-housing-services-in-illinois/,www.temporary123.com,https,/temporary-remote-workforce-housing-services-in-illinois/,Service/location candidate,Workforce housing,Illinois,403,Not verified,Unknown,,1,56,4.8,87,87,0,0,0,0,2023-09-05 05:40:09,2026-04-17 15:33:23,1,Unverified,C,Unresolved,Escalate for manual review,Unassigned — production origin/content unapproved,Manual quality review before any migration decision,Repeated aggregate metrics; not proof of duplicate content; Live fetch/indexability unresolved,Source URLs; Anchor text; Link context; Live canonical; Google indexation; Traffic/conversions; Business coverage; Approved target origin,Pending owner and source-level evidence
URL-146,https://www.temporary123.com/temporary-remote-workforce-housing-services-in-massachusetts/,https://temporary123.com/temporary-remote-workforce-housing-services-in-massachusetts/,www.temporary123.com,https,/temporary-remote-workforce-housing-services-in-massachusetts/,Service/location candidate,Workforce housing,Massachusetts,,Not verified,Unknown,,1,56,,87,87,0,0,0,0,2023-09-05 05:40:09,2026-04-17 15:33:23,1,Unverified,C,Unresolved,Escalate for manual review,Unassigned — production origin/content unapproved,Manual quality review before any migration decision,Repeated aggregate metrics; not proof of duplicate content; Live fetch/indexability unresolved,Source URLs; Anchor text; Link context; Live canonical; Google indexation; Traffic/conversions; Business coverage; Approved target origin,Pending owner and source-level evidence
URL-147,https://www.temporary123.com/temporary-remote-workforce-housing-services-in-michigan/,https://temporary123.com/temporary-remote-workforce-housing-services-in-michigan/,www.temporary123.com,https,/temporary-remote-workforce-housing-services-in-michigan/,Service/location candidate,Workforce housing,Michigan,403,Not verified,Unknown,,1,56,4.8,87,87,0,0,0,0,2023-09-05 05:40:09,2026-04-17 15:33:23,1,Unverified,C,Unresolved,Escalate for manual review,Unassigned — production origin/content unapproved,Manual quality review before any migration decision,Repeated aggregate metrics; not proof of duplicate content; Live fetch/indexability unresolved,Source URLs; Anchor text; Link context; Live canonical; Google indexation; Traffic/conversions; Business coverage; Approved target origin,Pending owner and source-level evidence
URL-148,https://www.temporary123.com/workforce-housing-shelters-in-colorado/,https://temporary123.com/workforce-housing-shelters-in-colorado/,www.temporary123.com,https,/workforce-housing-shelters-in-colorado/,Service/location candidate,Workforce housing,Colorado,301,Not verified,Unknown,,1,56,4.8,87,87,0,0,0,0,2023-09-05 05:40:09,2026-04-17 15:33:23,2,Unverified,C,Unresolved,Escalate for manual review,Unassigned — production origin/content unapproved,Manual quality review before any migration decision,Repeated aggregate metrics; not proof of duplicate content,Source URLs; Anchor text; Link context; Live canonical; Google indexation; Traffic/conversions; Business coverage; Approved target origin,Pending owner and source-level evidence
URL-149,https://www.temporary123.com/wp-content/uploads/2023/04/2-Food-Service-Design.png,https://temporary123.com/wp-content/uploads/2023/04/2-Food-Service-Design.png,www.temporary123.com,https,/wp-content/uploads/2023/04/2-Food-Service-Design.png,Asset,Other,Unknown,,Not verified,Unknown,,1,51,,1,1,0,0,0,0,2026-06-05 21:36:10,2026-09-08 06:18:37,1,Unverified,E,Unresolved,Escalate for manual review,Unassigned — production origin/content unapproved,Insufficient content and backlink source evidence,Live fetch/indexability unresolved; Asset rights and exact replacement unresolved,Source URLs; Anchor text; Link context; Live canonical; Google indexation; Traffic/conversions; Business coverage; Approved target origin,Pending owner and source-level evidence
