Row ID,Old URL,New URL,Proposed retained path,Action,Redirect code,Canonical target,Priority,Reason,Link-equity evidence,Content-equivalence evidence,QA status,Owner,Approval status
URL-002,https://temporary123.com/,,/,Preserve path pending review,,,A,Protect high-value candidate; verify source links and business relevance,541 referring domains; Top DR 91; 695 links (export snapshot),Not established,Not activated,Business owner + SEO lead,Pending
URL-003,https://www.temporary123.com/,,/,Preserve path pending review,,,B,Protect high-value candidate; verify source links and business relevance,292 referring domains; Top DR 91; 420 links (export snapshot),Not established,Not activated,Business owner + SEO lead,Pending
URL-004,https://temporary123.com/houston-texas-mobile-kitchen-rental/,,/houston-texas-mobile-kitchen-rental/,Preserve path pending review,,,A,Protect high-value candidate; verify source links and business relevance,8 referring domains; Top DR 74; 12 links (export snapshot),Not established,Not activated,Business owner + SEO lead,Pending
URL-005,https://www.temporary123.com/houston-texas-mobile-kitchen-rental/,,/houston-texas-mobile-kitchen-rental/,Preserve path pending review,,,B,Protect high-value candidate; verify source links and business relevance,7 referring domains; Top DR 74; 10 links (export snapshot),Not established,Not activated,Business owner + SEO lead,Pending
URL-006,http://temporary123.com/,,/,Preserve path pending review,,,B,Protect high-value candidate; verify source links and business relevance,6 referring domains; Top DR 91; 6 links (export snapshot),Not established,Not activated,Business owner + SEO lead,Pending
URL-007,https://www.temporary123.com/equipment-rental/restroom-trailers/portable-restroom-trailers-in-california/,,/equipment-rental/restroom-trailers/portable-restroom-trailers-in-california/,Preserve path pending review,,,B,Protect high-value candidate; verify source links and business relevance,6 referring domains; Top DR 74; 18 links (export snapshot),Not established,Not activated,Business owner + SEO lead,Pending
URL-008,https://temporary123.com/equipment-rental/restroom-trailers/portable-restroom-trailers-in-california/,,/equipment-rental/restroom-trailers/portable-restroom-trailers-in-california/,Preserve path pending review,,,A,Protect high-value candidate; verify source links and business relevance,5 referring domains; Top DR 74; 5 links (export snapshot),Not established,Not activated,Business owner + SEO lead,Pending
URL-009,https://temporary123.com/temporary-workforce-housing-facilities/,,/temporary-workforce-housing-facilities/,Escalate for manual review,,,C,Manual quality review before any migration decision,4 referring domains; Top DR 59; 5301 links (export snapshot),Not established,Not activated,Business owner + SEO lead,Pending
URL-010,https://www.temporary123.com/temporary-workforce-housing-facilities/,,/temporary-workforce-housing-facilities/,Escalate for manual review,,,C,Manual quality review before any migration decision,4 referring domains; Top DR 59; 23073 links (export snapshot),Not established,Not activated,Business owner + SEO lead,Pending
URL-011,http://www.temporary123.com/,,/,Preserve path pending review,,,B,Protect high-value candidate; verify source links and business relevance,3 referring domains; Top DR 90; 77 links (export snapshot),Not established,Not activated,Business owner + SEO lead,Pending
URL-012,https://www.temporary123.com/equipment-rental/restroom-trailers/portable-restroom-trailers-in-alabama/,,/equipment-rental/restroom-trailers/portable-restroom-trailers-in-alabama/,Escalate for manual review,,,C,Manual quality review before any migration decision,2 referring domains; Top DR 10; 13 links (export snapshot),Not established,Not activated,Business owner + SEO lead,Pending
URL-013,https://www.temporary123.com/equipment-rental/restroom-trailers/portable-restroom-trailers-in-alaska/,,/equipment-rental/restroom-trailers/portable-restroom-trailers-in-alaska/,Escalate for manual review,,,C,Manual quality review before any migration decision,2 referring domains; Top DR 10; 13 links (export snapshot),Not established,Not activated,Business owner + SEO lead,Pending
URL-014,https://www.temporary123.com/equipment-rental/restroom-trailers/portable-restroom-trailers-in-alberta-ca/,,/equipment-rental/restroom-trailers/portable-restroom-trailers-in-alberta-ca/,Escalate for manual review,,,C,Manual quality review before any migration decision,2 referring domains; Top DR 10; 13 links (export snapshot),Not established,Not activated,Business owner + SEO lead,Pending
URL-015,https://www.temporary123.com/equipment-rental/restroom-trailers/portable-restroom-trailers-in-arizona/,,/equipment-rental/restroom-trailers/portable-restroom-trailers-in-arizona/,Escalate for manual review,,,C,Manual quality review before any migration decision,2 referring domains; Top DR 10; 13 links (export snapshot),Not established,Not activated,Business owner + SEO lead,Pending
URL-016,https://www.temporary123.com/equipment-rental/restroom-trailers/portable-restroom-trailers-in-arkansas/,,/equipment-rental/restroom-trailers/portable-restroom-trailers-in-arkansas/,Escalate for manual review,,,C,Manual quality review before any migration decision,2 referring domains; Top DR 10; 13 links (export snapshot),Not established,Not activated,Business owner + SEO lead,Pending
URL-017,https://www.temporary123.com/equipment-rental/restroom-trailers/portable-restroom-trailers-in-colorado/,,/equipment-rental/restroom-trailers/portable-restroom-trailers-in-colorado/,Escalate for manual review,,,C,Manual quality review before any migration decision,2 referring domains; Top DR 10; 13 links (export snapshot),Not established,Not activated,Business owner + SEO lead,Pending
URL-018,https://www.temporary123.com/equipment-rental/restroom-trailers/portable-restroom-trailers-in-connecticut/,,/equipment-rental/restroom-trailers/portable-restroom-trailers-in-connecticut/,Escalate for manual review,,,C,Manual quality review before any migration decision,2 referring domains; Top DR 10; 13 links (export snapshot),Not established,Not activated,Business owner + SEO lead,Pending
URL-019,https://www.temporary123.com/equipment-rental/restroom-trailers/portable-restroom-trailers-in-delaware/,,/equipment-rental/restroom-trailers/portable-restroom-trailers-in-delaware/,Escalate for manual review,,,C,Manual quality review before any migration decision,2 referring domains; Top DR 10; 13 links (export snapshot),Not established,Not activated,Business owner + SEO lead,Pending
URL-020,https://www.temporary123.com/equipment-rental/restroom-trailers/portable-restroom-trailers-in-district-of-columbia/,,/equipment-rental/restroom-trailers/portable-restroom-trailers-in-district-of-columbia/,Escalate for manual review,,,C,Manual quality review before any migration decision,2 referring domains; Top DR 10; 13 links (export snapshot),Not established,Not activated,Business owner + SEO lead,Pending
URL-021,https://www.temporary123.com/equipment-rental/restroom-trailers/portable-restroom-trailers-in-florida/,,/equipment-rental/restroom-trailers/portable-restroom-trailers-in-florida/,Escalate for manual review,,,C,Manual quality review before any migration decision,2 referring domains; Top DR 10; 13 links (export snapshot),Not established,Not activated,Business owner + SEO lead,Pending
URL-022,https://www.temporary123.com/equipment-rental/restroom-trailers/portable-restroom-trailers-in-georgia/,,/equipment-rental/restroom-trailers/portable-restroom-trailers-in-georgia/,Escalate for manual review,,,C,Manual quality review before any migration decision,2 referring domains; Top DR 10; 13 links (export snapshot),Not established,Not activated,Business owner + SEO lead,Pending
URL-023,https://www.temporary123.com/equipment-rental/restroom-trailers/portable-restroom-trailers-in-hawaii/,,/equipment-rental/restroom-trailers/portable-restroom-trailers-in-hawaii/,Escalate for manual review,,,C,Manual quality review before any migration decision,2 referring domains; Top DR 10; 13 links (export snapshot),Not established,Not activated,Business owner + SEO lead,Pending
URL-024,https://www.temporary123.com/equipment-rental/restroom-trailers/portable-restroom-trailers-in-idaho/,,/equipment-rental/restroom-trailers/portable-restroom-trailers-in-idaho/,Escalate for manual review,,,C,Manual quality review before any migration decision,2 referring domains; Top DR 10; 13 links (export snapshot),Not established,Not activated,Business owner + SEO lead,Pending
URL-025,https://www.temporary123.com/equipment-rental/restroom-trailers/portable-restroom-trailers-in-illinois/,,/equipment-rental/restroom-trailers/portable-restroom-trailers-in-illinois/,Escalate for manual review,,,C,Manual quality review before any migration decision,2 referring domains; Top DR 10; 13 links (export snapshot),Not established,Not activated,Business owner + SEO lead,Pending
URL-026,https://www.temporary123.com/equipment-rental/restroom-trailers/portable-restroom-trailers-in-indiana/,,/equipment-rental/restroom-trailers/portable-restroom-trailers-in-indiana/,Escalate for manual review,,,C,Manual quality review before any migration decision,2 referring domains; Top DR 10; 13 links (export snapshot),Not established,Not activated,Business owner + SEO lead,Pending
URL-027,https://www.temporary123.com/equipment-rental/restroom-trailers/portable-restroom-trailers-in-iowa/,,/equipment-rental/restroom-trailers/portable-restroom-trailers-in-iowa/,Escalate for manual review,,,C,Manual quality review before any migration decision,2 referring domains; Top DR 10; 13 links (export snapshot),Not established,Not activated,Business owner + SEO lead,Pending
URL-028,https://www.temporary123.com/equipment-rental/restroom-trailers/portable-restroom-trailers-in-kansas/,,/equipment-rental/restroom-trailers/portable-restroom-trailers-in-kansas/,Escalate for manual review,,,C,Manual quality review before any migration decision,2 referring domains; Top DR 10; 13 links (export snapshot),Not established,Not activated,Business owner + SEO lead,Pending
URL-029,https://www.temporary123.com/equipment-rental/restroom-trailers/portable-restroom-trailers-in-kentucky/,,/equipment-rental/restroom-trailers/portable-restroom-trailers-in-kentucky/,Escalate for manual review,,,C,Manual quality review before any migration decision,2 referring domains; Top DR 10; 13 links (export snapshot),Not established,Not activated,Business owner + SEO lead,Pending
URL-030,https://www.temporary123.com/equipment-rental/restroom-trailers/portable-restroom-trailers-in-louisiana/,,/equipment-rental/restroom-trailers/portable-restroom-trailers-in-louisiana/,Escalate for manual review,,,C,Manual quality review before any migration decision,2 referring domains; Top DR 10; 13 links (export snapshot),Not established,Not activated,Business owner + SEO lead,Pending
URL-031,https://www.temporary123.com/equipment-rental/restroom-trailers/portable-restroom-trailers-in-maine/,,/equipment-rental/restroom-trailers/portable-restroom-trailers-in-maine/,Escalate for manual review,,,C,Manual quality review before any migration decision,2 referring domains; Top DR 10; 13 links (export snapshot),Not established,Not activated,Business owner + SEO lead,Pending
URL-032,https://www.temporary123.com/equipment-rental/restroom-trailers/portable-restroom-trailers-in-maryland/,,/equipment-rental/restroom-trailers/portable-restroom-trailers-in-maryland/,Escalate for manual review,,,C,Manual quality review before any migration decision,2 referring domains; Top DR 10; 13 links (export snapshot),Not established,Not activated,Business owner + SEO lead,Pending
URL-033,https://www.temporary123.com/equipment-rental/restroom-trailers/portable-restroom-trailers-in-massachusetts/,,/equipment-rental/restroom-trailers/portable-restroom-trailers-in-massachusetts/,Escalate for manual review,,,C,Manual quality review before any migration decision,2 referring domains; Top DR 10; 13 links (export snapshot),Not established,Not activated,Business owner + SEO lead,Pending
URL-034,https://www.temporary123.com/equipment-rental/restroom-trailers/portable-restroom-trailers-in-michigan/,,/equipment-rental/restroom-trailers/portable-restroom-trailers-in-michigan/,Escalate for manual review,,,C,Manual quality review before any migration decision,2 referring domains; Top DR 10; 13 links (export snapshot),Not established,Not activated,Business owner + SEO lead,Pending
URL-035,https://www.temporary123.com/equipment-rental/restroom-trailers/portable-restroom-trailers-in-minnesota/,,/equipment-rental/restroom-trailers/portable-restroom-trailers-in-minnesota/,Escalate for manual review,,,C,Manual quality review before any migration decision,2 referring domains; Top DR 10; 13 links (export snapshot),Not established,Not activated,Business owner + SEO lead,Pending
URL-036,https://www.temporary123.com/equipment-rental/restroom-trailers/portable-restroom-trailers-in-mississippi/,,/equipment-rental/restroom-trailers/portable-restroom-trailers-in-mississippi/,Escalate for manual review,,,C,Manual quality review before any migration decision,2 referring domains; Top DR 10; 13 links (export snapshot),Not established,Not activated,Business owner + SEO lead,Pending
URL-037,https://www.temporary123.com/equipment-rental/restroom-trailers/portable-restroom-trailers-in-missouri/,,/equipment-rental/restroom-trailers/portable-restroom-trailers-in-missouri/,Escalate for manual review,,,C,Manual quality review before any migration decision,2 referring domains; Top DR 10; 13 links (export snapshot),Not established,Not activated,Business owner + SEO lead,Pending
URL-038,https://www.temporary123.com/equipment-rental/restroom-trailers/portable-restroom-trailers-in-montana/,,/equipment-rental/restroom-trailers/portable-restroom-trailers-in-montana/,Escalate for manual review,,,C,Manual quality review before any migration decision,2 referring domains; Top DR 10; 13 links (export snapshot),Not established,Not activated,Business owner + SEO lead,Pending
URL-039,https://www.temporary123.com/equipment-rental/restroom-trailers/portable-restroom-trailers-in-nebraska/,,/equipment-rental/restroom-trailers/portable-restroom-trailers-in-nebraska/,Escalate for manual review,,,C,Manual quality review before any migration decision,2 referring domains; Top DR 10; 13 links (export snapshot),Not established,Not activated,Business owner + SEO lead,Pending
URL-040,https://www.temporary123.com/equipment-rental/restroom-trailers/portable-restroom-trailers-in-nevada/,,/equipment-rental/restroom-trailers/portable-restroom-trailers-in-nevada/,Escalate for manual review,,,C,Manual quality review before any migration decision,2 referring domains; Top DR 10; 13 links (export snapshot),Not established,Not activated,Business owner + SEO lead,Pending
URL-041,https://www.temporary123.com/equipment-rental/restroom-trailers/portable-restroom-trailers-in-new-hampshire/,,/equipment-rental/restroom-trailers/portable-restroom-trailers-in-new-hampshire/,Escalate for manual review,,,C,Manual quality review before any migration decision,2 referring domains; Top DR 10; 13 links (export snapshot),Not established,Not activated,Business owner + SEO lead,Pending
URL-042,https://www.temporary123.com/equipment-rental/restroom-trailers/portable-restroom-trailers-in-new-jersey/,,/equipment-rental/restroom-trailers/portable-restroom-trailers-in-new-jersey/,Escalate for manual review,,,C,Manual quality review before any migration decision,2 referring domains; Top DR 10; 13 links (export snapshot),Not established,Not activated,Business owner + SEO lead,Pending
URL-043,https://www.temporary123.com/equipment-rental/restroom-trailers/portable-restroom-trailers-in-new-mexico/,,/equipment-rental/restroom-trailers/portable-restroom-trailers-in-new-mexico/,Escalate for manual review,,,C,Manual quality review before any migration decision,2 referring domains; Top DR 10; 13 links (export snapshot),Not established,Not activated,Business owner + SEO lead,Pending
URL-044,https://www.temporary123.com/equipment-rental/restroom-trailers/portable-restroom-trailers-in-new-york/,,/equipment-rental/restroom-trailers/portable-restroom-trailers-in-new-york/,Escalate for manual review,,,C,Manual quality review before any migration decision,2 referring domains; Top DR 10; 13 links (export snapshot),Not established,Not activated,Business owner + SEO lead,Pending
URL-045,https://www.temporary123.com/equipment-rental/restroom-trailers/portable-restroom-trailers-in-north-carolina/,,/equipment-rental/restroom-trailers/portable-restroom-trailers-in-north-carolina/,Escalate for manual review,,,C,Manual quality review before any migration decision,2 referring domains; Top DR 10; 13 links (export snapshot),Not established,Not activated,Business owner + SEO lead,Pending
URL-046,https://www.temporary123.com/equipment-rental/restroom-trailers/portable-restroom-trailers-in-north-dakota/,,/equipment-rental/restroom-trailers/portable-restroom-trailers-in-north-dakota/,Escalate for manual review,,,C,Manual quality review before any migration decision,2 referring domains; Top DR 10; 13 links (export snapshot),Not established,Not activated,Business owner + SEO lead,Pending
URL-047,https://www.temporary123.com/equipment-rental/restroom-trailers/portable-restroom-trailers-in-ohio/,,/equipment-rental/restroom-trailers/portable-restroom-trailers-in-ohio/,Escalate for manual review,,,C,Manual quality review before any migration decision,2 referring domains; Top DR 10; 13 links (export snapshot),Not established,Not activated,Business owner + SEO lead,Pending
URL-048,https://www.temporary123.com/equipment-rental/restroom-trailers/portable-restroom-trailers-in-oklahoma/,,/equipment-rental/restroom-trailers/portable-restroom-trailers-in-oklahoma/,Escalate for manual review,,,C,Manual quality review before any migration decision,2 referring domains; Top DR 10; 13 links (export snapshot),Not established,Not activated,Business owner + SEO lead,Pending
URL-049,https://www.temporary123.com/equipment-rental/restroom-trailers/portable-restroom-trailers-in-oregon/,,/equipment-rental/restroom-trailers/portable-restroom-trailers-in-oregon/,Escalate for manual review,,,C,Manual quality review before any migration decision,2 referring domains; Top DR 10; 13 links (export snapshot),Not established,Not activated,Business owner + SEO lead,Pending
URL-050,https://www.temporary123.com/equipment-rental/restroom-trailers/portable-restroom-trailers-in-pennsylvania/,,/equipment-rental/restroom-trailers/portable-restroom-trailers-in-pennsylvania/,Escalate for manual review,,,C,Manual quality review before any migration decision,2 referring domains; Top DR 10; 13 links (export snapshot),Not established,Not activated,Business owner + SEO lead,Pending
URL-051,https://www.temporary123.com/equipment-rental/restroom-trailers/portable-restroom-trailers-in-rhode-island/,,/equipment-rental/restroom-trailers/portable-restroom-trailers-in-rhode-island/,Escalate for manual review,,,C,Manual quality review before any migration decision,2 referring domains; Top DR 10; 13 links (export snapshot),Not established,Not activated,Business owner + SEO lead,Pending
URL-052,https://www.temporary123.com/equipment-rental/restroom-trailers/portable-restroom-trailers-in-south-carolina/,,/equipment-rental/restroom-trailers/portable-restroom-trailers-in-south-carolina/,Escalate for manual review,,,C,Manual quality review before any migration decision,2 referring domains; Top DR 10; 13 links (export snapshot),Not established,Not activated,Business owner + SEO lead,Pending
URL-053,https://www.temporary123.com/equipment-rental/restroom-trailers/portable-restroom-trailers-in-south-dakota/,,/equipment-rental/restroom-trailers/portable-restroom-trailers-in-south-dakota/,Escalate for manual review,,,C,Manual quality review before any migration decision,2 referring domains; Top DR 10; 13 links (export snapshot),Not established,Not activated,Business owner + SEO lead,Pending
URL-054,https://www.temporary123.com/equipment-rental/restroom-trailers/portable-restroom-trailers-in-tennessee/,,/equipment-rental/restroom-trailers/portable-restroom-trailers-in-tennessee/,Escalate for manual review,,,C,Manual quality review before any migration decision,2 referring domains; Top DR 10; 13 links (export snapshot),Not established,Not activated,Business owner + SEO lead,Pending
URL-055,https://www.temporary123.com/equipment-rental/restroom-trailers/portable-restroom-trailers-in-texas/,,/equipment-rental/restroom-trailers/portable-restroom-trailers-in-texas/,Escalate for manual review,,,C,Manual quality review before any migration decision,2 referring domains; Top DR 10; 13 links (export snapshot),Not established,Not activated,Business owner + SEO lead,Pending
URL-056,https://www.temporary123.com/equipment-rental/restroom-trailers/portable-restroom-trailers-in-utah/,,/equipment-rental/restroom-trailers/portable-restroom-trailers-in-utah/,Escalate for manual review,,,C,Manual quality review before any migration decision,2 referring domains; Top DR 10; 13 links (export snapshot),Not established,Not activated,Business owner + SEO lead,Pending
URL-057,https://www.temporary123.com/equipment-rental/restroom-trailers/portable-restroom-trailers-in-vermont/,,/equipment-rental/restroom-trailers/portable-restroom-trailers-in-vermont/,Escalate for manual review,,,C,Manual quality review before any migration decision,2 referring domains; Top DR 10; 13 links (export snapshot),Not established,Not activated,Business owner + SEO lead,Pending
URL-058,https://www.temporary123.com/equipment-rental/restroom-trailers/portable-restroom-trailers-in-virginia/,,/equipment-rental/restroom-trailers/portable-restroom-trailers-in-virginia/,Escalate for manual review,,,C,Manual quality review before any migration decision,2 referring domains; Top DR 10; 13 links (export snapshot),Not established,Not activated,Business owner + SEO lead,Pending
URL-059,https://www.temporary123.com/equipment-rental/restroom-trailers/portable-restroom-trailers-in-washington/,,/equipment-rental/restroom-trailers/portable-restroom-trailers-in-washington/,Escalate for manual review,,,C,Manual quality review before any migration decision,2 referring domains; Top DR 10; 13 links (export snapshot),Not established,Not activated,Business owner + SEO lead,Pending
URL-060,https://www.temporary123.com/equipment-rental/restroom-trailers/portable-restroom-trailers-in-west-virginia/,,/equipment-rental/restroom-trailers/portable-restroom-trailers-in-west-virginia/,Escalate for manual review,,,C,Manual quality review before any migration decision,2 referring domains; Top DR 10; 13 links (export snapshot),Not established,Not activated,Business owner + SEO lead,Pending
URL-061,https://www.temporary123.com/equipment-rental/restroom-trailers/portable-restroom-trailers-in-winconsin/,,/equipment-rental/restroom-trailers/portable-restroom-trailers-in-winconsin/,Escalate for manual review,,,C,Manual quality review before any migration decision,2 referring domains; Top DR 10; 13 links (export snapshot),Not established,Not activated,Business owner + SEO lead,Pending
URL-062,https://www.temporary123.com/equipment-rental/restroom-trailers/portable-restroom-trailers-in-wyoming/,,/equipment-rental/restroom-trailers/portable-restroom-trailers-in-wyoming/,Escalate for manual review,,,C,Manual quality review before any migration decision,2 referring domains; Top DR 10; 13 links (export snapshot),Not established,Not activated,Business owner + SEO lead,Pending
URL-063,https://www.temporary123.com/equipment-rental/shower-trailer/portable-shower-trailers-in-new-jersey-usa/,,/equipment-rental/shower-trailer/portable-shower-trailers-in-new-jersey-usa/,Escalate for manual review,,,E,Insufficient content and backlink source evidence,2 referring domains; Top DR 68; 2 links (export snapshot),Not established,Not activated,Business owner + SEO lead,Pending
URL-064,https://www.temporary123.com/equipment-rental/sleeper-trailers/,,/equipment-rental/sleeper-trailers/,Escalate for manual review,,,E,Insufficient content and backlink source evidence,2 referring domains; Top DR 59; 344 links (export snapshot),Not established,Not activated,Business owner + SEO lead,Pending
URL-065,https://temporary123.com/containerized-shower-trailers/,,/containerized-shower-trailers/,Escalate for manual review,,,C,Review commercial relevance and equivalent content,1 referring domains; Top DR 66; 1 links (export snapshot),Not established,Not activated,Business owner + SEO lead,Pending
URL-066,https://temporary123.com/emergency-migrant-containerized-living-spaces/,,/emergency-migrant-containerized-living-spaces/,Escalate for manual review,,,C,Review commercial relevance and equivalent content,1 referring domains; Top DR 61; 1 links (export snapshot),Not established,Not activated,Business owner + SEO lead,Pending
URL-067,https://temporary123.com/equipment-rental/breakroom-trailer/,,/equipment-rental/breakroom-trailer/,Escalate for manual review,,,C,Manual quality review before any migration decision,1 referring domains; Top DR 56; 178 links (export snapshot),Not established,Not activated,Business owner + SEO lead,Pending
URL-068,https://temporary123.com/equipment-rental/command-center-trailers/,,/equipment-rental/command-center-trailers/,Escalate for manual review,,,C,Manual quality review before any migration decision,1 referring domains; Top DR 56; 178 links (export snapshot),Not established,Not activated,Business owner + SEO lead,Pending
URL-069,https://temporary123.com/equipment-rental/decontamination-trailers/,,/equipment-rental/decontamination-trailers/,Escalate for manual review,,,E,Insufficient content and backlink source evidence,1 referring domains; Top DR 56; 190 links (export snapshot),Not established,Not activated,Business owner + SEO lead,Pending
URL-070,https://temporary123.com/equipment-rental/dump-rental/,,/equipment-rental/dump-rental/,Escalate for manual review,,,C,Review commercial relevance and equivalent content,1 referring domains; Top DR 56; 105 links (export snapshot),Not established,Not activated,Business owner + SEO lead,Pending
URL-071,https://temporary123.com/equipment-rental/generator-trailers/,,/equipment-rental/generator-trailers/,Escalate for manual review,,,C,Review commercial relevance and equivalent content,1 referring domains; Top DR 56; 107 links (export snapshot),Not established,Not activated,Business owner + SEO lead,Pending
URL-072,https://temporary123.com/equipment-rental/mobile-office-trailers/,,/equipment-rental/mobile-office-trailers/,Escalate for manual review,,,C,Review commercial relevance and equivalent content,1 referring domains; Top DR 56; 177 links (export snapshot),Not established,Not activated,Business owner + SEO lead,Pending
URL-073,https://temporary123.com/equipment-rental/multi-trailer/,,/equipment-rental/multi-trailer/,Escalate for manual review,,,C,Manual quality review before any migration decision,1 referring domains; Top DR 56; 178 links (export snapshot),Not established,Not activated,Business owner + SEO lead,Pending
URL-074,https://temporary123.com/equipment-rental/port-potties-and-port-johns/,,/equipment-rental/port-potties-and-port-johns/,Escalate for manual review,,,C,Review commercial relevance and equivalent content,1 referring domains; Top DR 56; 107 links (export snapshot),Not established,Not activated,Business owner + SEO lead,Pending
URL-075,https://temporary123.com/equipment-rental/ramp-rental/,,/equipment-rental/ramp-rental/,Escalate for manual review,,,C,Review commercial relevance and equivalent content,1 referring domains; Top DR 56; 111 links (export snapshot),Not established,Not activated,Business owner + SEO lead,Pending
URL-076,https://temporary123.com/equipment-rental/restroom-trailers/,,/equipment-rental/restroom-trailers/,Escalate for manual review,,,C,Manual quality review before any migration decision,1 referring domains; Top DR 56; 178 links (export snapshot),Not established,Not activated,Business owner + SEO lead,Pending
URL-077,https://temporary123.com/equipment-rental/restroom-trailers/portable-restroom-trailers-in-alberta-ca/,,/equipment-rental/restroom-trailers/portable-restroom-trailers-in-alberta-ca/,Escalate for manual review,,,C,Manual quality review before any migration decision,1 referring domains; Top DR 10; 2 links (export snapshot),Not established,Not activated,Business owner + SEO lead,Pending
URL-078,https://temporary123.com/equipment-rental/restroom-trailers/portable-restroom-trailers-in-arkansas/,,/equipment-rental/restroom-trailers/portable-restroom-trailers-in-arkansas/,Escalate for manual review,,,C,Manual quality review before any migration decision,1 referring domains; Top DR 10; 2 links (export snapshot),Not established,Not activated,Business owner + SEO lead,Pending
URL-079,https://temporary123.com/equipment-rental/restroom-trailers/portable-restroom-trailers-in-delaware/,,/equipment-rental/restroom-trailers/portable-restroom-trailers-in-delaware/,Escalate for manual review,,,C,Manual quality review before any migration decision,1 referring domains; Top DR 10; 2 links (export snapshot),Not established,Not activated,Business owner + SEO lead,Pending
URL-080,https://temporary123.com/equipment-rental/restroom-trailers/portable-restroom-trailers-in-district-of-columbia/,,/equipment-rental/restroom-trailers/portable-restroom-trailers-in-district-of-columbia/,Escalate for manual review,,,E,Insufficient content and backlink source evidence,1 referring domains; Top DR 10; 1 links (export snapshot),Not established,Not activated,Business owner + SEO lead,Pending
URL-081,https://temporary123.com/equipment-rental/restroom-trailers/portable-restroom-trailers-in-indiana/,,/equipment-rental/restroom-trailers/portable-restroom-trailers-in-indiana/,Escalate for manual review,,,E,Insufficient content and backlink source evidence,1 referring domains; Top DR 10; 4 links (export snapshot),Not established,Not activated,Business owner + SEO lead,Pending
URL-082,https://temporary123.com/equipment-rental/restroom-trailers/portable-restroom-trailers-in-louisiana/,,/equipment-rental/restroom-trailers/portable-restroom-trailers-in-louisiana/,Escalate for manual review,,,E,Insufficient content and backlink source evidence,1 referring domains; Top DR 10; 4 links (export snapshot),Not established,Not activated,Business owner + SEO lead,Pending
URL-083,https://temporary123.com/equipment-rental/restroom-trailers/portable-restroom-trailers-in-maryland/,,/equipment-rental/restroom-trailers/portable-restroom-trailers-in-maryland/,Escalate for manual review,,,C,Manual quality review before any migration decision,1 referring domains; Top DR 10; 2 links (export snapshot),Not established,Not activated,Business owner + SEO lead,Pending
URL-084,https://temporary123.com/equipment-rental/restroom-trailers/portable-restroom-trailers-in-massachusetts/,,/equipment-rental/restroom-trailers/portable-restroom-trailers-in-massachusetts/,Escalate for manual review,,,C,Manual quality review before any migration decision,1 referring domains; Top DR 10; 2 links (export snapshot),Not established,Not activated,Business owner + SEO lead,Pending
URL-085,https://temporary123.com/equipment-rental/restroom-trailers/portable-restroom-trailers-in-michigan/,,/equipment-rental/restroom-trailers/portable-restroom-trailers-in-michigan/,Escalate for manual review,,,C,Manual quality review before any migration decision,1 referring domains; Top DR 10; 2 links (export snapshot),Not established,Not activated,Business owner + SEO lead,Pending
URL-086,https://temporary123.com/equipment-rental/restroom-trailers/portable-restroom-trailers-in-mississippi/,,/equipment-rental/restroom-trailers/portable-restroom-trailers-in-mississippi/,Escalate for manual review,,,C,Manual quality review before any migration decision,1 referring domains; Top DR 10; 2 links (export snapshot),Not established,Not activated,Business owner + SEO lead,Pending
URL-087,https://temporary123.com/equipment-rental/restroom-trailers/portable-restroom-trailers-in-nevada/,,/equipment-rental/restroom-trailers/portable-restroom-trailers-in-nevada/,Escalate for manual review,,,C,Manual quality review before any migration decision,1 referring domains; Top DR 10; 2 links (export snapshot),Not established,Not activated,Business owner + SEO lead,Pending
URL-088,https://temporary123.com/equipment-rental/restroom-trailers/portable-restroom-trailers-in-new-hampshire/,,/equipment-rental/restroom-trailers/portable-restroom-trailers-in-new-hampshire/,Escalate for manual review,,,C,Manual quality review before any migration decision,1 referring domains; Top DR 10; 2 links (export snapshot),Not established,Not activated,Business owner + SEO lead,Pending
URL-089,https://temporary123.com/equipment-rental/restroom-trailers/portable-restroom-trailers-in-new-jersey/,,/equipment-rental/restroom-trailers/portable-restroom-trailers-in-new-jersey/,Escalate for manual review,,,C,Manual quality review before any migration decision,1 referring domains; Top DR 10; 2 links (export snapshot),Not established,Not activated,Business owner + SEO lead,Pending
URL-090,https://temporary123.com/equipment-rental/restroom-trailers/portable-restroom-trailers-in-north-dakota/,,/equipment-rental/restroom-trailers/portable-restroom-trailers-in-north-dakota/,Escalate for manual review,,,E,Insufficient content and backlink source evidence,1 referring domains; Top DR 10; 3 links (export snapshot),Not established,Not activated,Business owner + SEO lead,Pending
URL-091,https://temporary123.com/equipment-rental/restroom-trailers/portable-restroom-trailers-in-oklahoma/,,/equipment-rental/restroom-trailers/portable-restroom-trailers-in-oklahoma/,Escalate for manual review,,,C,Manual quality review before any migration decision,1 referring domains; Top DR 10; 2 links (export snapshot),Not established,Not activated,Business owner + SEO lead,Pending
URL-092,https://temporary123.com/equipment-rental/restroom-trailers/portable-restroom-trailers-in-oregon/,,/equipment-rental/restroom-trailers/portable-restroom-trailers-in-oregon/,Escalate for manual review,,,C,Manual quality review before any migration decision,1 referring domains; Top DR 10; 2 links (export snapshot),Not established,Not activated,Business owner + SEO lead,Pending
URL-093,https://temporary123.com/equipment-rental/restroom-trailers/portable-restroom-trailers-in-tennessee/,,/equipment-rental/restroom-trailers/portable-restroom-trailers-in-tennessee/,Escalate for manual review,,,E,Insufficient content and backlink source evidence,1 referring domains; Top DR 10; 5 links (export snapshot),Not established,Not activated,Business owner + SEO lead,Pending
URL-094,https://temporary123.com/equipment-rental/restroom-trailers/portable-restroom-trailers-in-washington/,,/equipment-rental/restroom-trailers/portable-restroom-trailers-in-washington/,Escalate for manual review,,,C,Manual quality review before any migration decision,1 referring domains; Top DR 10; 2 links (export snapshot),Not established,Not activated,Business owner + SEO lead,Pending
URL-095,https://temporary123.com/equipment-rental/restroom-trailers/portable-restroom-trailers-in-west-virginia/,,/equipment-rental/restroom-trailers/portable-restroom-trailers-in-west-virginia/,Escalate for manual review,,,C,Manual quality review before any migration decision,1 referring domains; Top DR 10; 2 links (export snapshot),Not established,Not activated,Business owner + SEO lead,Pending
URL-096,https://temporary123.com/equipment-rental/restroom-trailers/portable-restroom-trailers-in-wyoming/,,/equipment-rental/restroom-trailers/portable-restroom-trailers-in-wyoming/,Escalate for manual review,,,C,Manual quality review before any migration decision,1 referring domains; Top DR 10; 2 links (export snapshot),Not established,Not activated,Business owner + SEO lead,Pending
URL-097,https://temporary123.com/equipment-rental/shower-trailer/,,/equipment-rental/shower-trailer/,Escalate for manual review,,,C,Manual quality review before any migration decision,1 referring domains; Top DR 56; 178 links (export snapshot),Not established,Not activated,Business owner + SEO lead,Pending
URL-098,https://temporary123.com/equipment-rental/stair-rental/,,/equipment-rental/stair-rental/,Escalate for manual review,,,C,Review commercial relevance and equivalent content,1 referring domains; Top DR 56; 107 links (export snapshot),Not established,Not activated,Business owner + SEO lead,Pending
URL-099,https://temporary123.com/equipment-rental/waste-container/,,/equipment-rental/waste-container/,Escalate for manual review,,,C,Review commercial relevance and equivalent content,1 referring domains; Top DR 56; 105 links (export snapshot),Not established,Not activated,Business owner + SEO lead,Pending
URL-100,https://temporary123.com/equipment-rental/wastewater-and-freshwater-container/,,/equipment-rental/wastewater-and-freshwater-container/,Escalate for manual review,,,E,Insufficient content and backlink source evidence,1 referring domains; Top DR 56; 107 links (export snapshot),Not established,Not activated,Business owner + SEO lead,Pending
URL-101,https://temporary123.com/government/correctional-facilities/,,/government/correctional-facilities/,Escalate for manual review,,,C,Review commercial relevance and equivalent content,1 referring domains; Top DR 0; 1 links (export snapshot),Not established,Not activated,Business owner + SEO lead,Pending
URL-102,https://temporary123.com/mobile-kitchen-trailer-rental/,,/mobile-kitchen-trailer-rental/,Escalate for manual review,,,C,Manual quality review before any migration decision,1 referring domains; Top DR 68; 1 links (export snapshot),Not established,Not activated,Business owner + SEO lead,Pending
URL-103,https://temporary123.com/portable-dishwashing-trailer-rental/,,/portable-dishwashing-trailer-rental/,Escalate for manual review,,,C,Manual quality review before any migration decision,1 referring domains; Top DR 68; 1 links (export snapshot),Not established,Not activated,Business owner + SEO lead,Pending
URL-104,https://temporary123.com/remote-containerized-military-berthing-solution-for-rent/,,/remote-containerized-military-berthing-solution-for-rent/,Escalate for manual review,,,C,Review commercial relevance and equivalent content,1 referring domains; Top DR 0; 1 links (export snapshot),Not established,Not activated,Business owner + SEO lead,Pending
URL-105,https://temporary123.com/remote-workforce-house-company-in-alabama/,,/remote-workforce-house-company-in-alabama/,Escalate for manual review,,,C,Manual quality review before any migration decision,1 referring domains; Top DR 56; 4494 links (export snapshot),Not established,Not activated,Business owner + SEO lead,Pending
URL-106,https://temporary123.com/remote-workforce-housing-rentals-in-arizona/,,/remote-workforce-housing-rentals-in-arizona/,Escalate for manual review,,,C,Manual quality review before any migration decision,1 referring domains; Top DR 56; 2313 links (export snapshot),Not established,Not activated,Business owner + SEO lead,Pending
URL-107,https://temporary123.com/restroom-trailer-rental/,,/restroom-trailer-rental/,Escalate for manual review,,,C,Manual quality review before any migration decision,1 referring domains; Top DR 68; 1 links (export snapshot),Not established,Not activated,Business owner + SEO lead,Pending
URL-108,https://temporary123.com/shop/,,/shop/,Escalate for manual review,,,E,Insufficient content and backlink source evidence,1 referring domains; Top DR 41; 1 links (export snapshot),Not established,Not activated,Business owner + SEO lead,Pending
URL-109,https://temporary123.com/shower-trailer-rental/,,/shower-trailer-rental/,Escalate for manual review,,,C,Manual quality review before any migration decision,1 referring domains; Top DR 68; 1 links (export snapshot),Not established,Not activated,Business owner + SEO lead,Pending
URL-110,https://temporary123.com/sleeper-trailer-rental/,,/sleeper-trailer-rental/,Escalate for manual review,,,C,Manual quality review before any migration decision,1 referring domains; Top DR 68; 1 links (export snapshot),Not established,Not activated,Business owner + SEO lead,Pending
URL-111,https://temporary123.com/workforce-housing-shelters-in-colorado/,,/workforce-housing-shelters-in-colorado/,Escalate for manual review,,,E,Insufficient content and backlink source evidence,1 referring domains; Top DR 56; 45 links (export snapshot),Not established,Not activated,Business owner + SEO lead,Pending
URL-112,https://www.temporary123.com/catering/,,/catering/,Escalate for manual review,,,E,Insufficient content and backlink source evidence,1 referring domains; Top DR 8; 1 links (export snapshot),Not established,Not activated,Business owner + SEO lead,Pending
URL-113,https://www.temporary123.com/containerized-shower-trailers/,,/containerized-shower-trailers/,Escalate for manual review,,,E,Insufficient content and backlink source evidence,1 referring domains; Top DR 66; 1 links (export snapshot),Not established,Not activated,Business owner + SEO lead,Pending
URL-114,https://www.temporary123.com/emergency-migrant-containerized-living-spaces/,,/emergency-migrant-containerized-living-spaces/,Escalate for manual review,,,E,Insufficient content and backlink source evidence,1 referring domains; Top DR 61; 1 links (export snapshot),Not established,Not activated,Business owner + SEO lead,Pending
URL-115,https://www.temporary123.com/emergency-workforce-housing-in-california/,,/emergency-workforce-housing-in-california/,Escalate for manual review,,,E,Insufficient content and backlink source evidence,1 referring domains; Top DR 56; 88 links (export snapshot),Not established,Not activated,Business owner + SEO lead,Pending
URL-116,https://www.temporary123.com/equipment-rental/breakroom-trailer/,,/equipment-rental/breakroom-trailer/,Escalate for manual review,,,C,Manual quality review before any migration decision,1 referring domains; Top DR 56; 343 links (export snapshot),Not established,Not activated,Business owner + SEO lead,Pending
URL-117,https://www.temporary123.com/equipment-rental/command-center-trailers/,,/equipment-rental/command-center-trailers/,Escalate for manual review,,,C,Manual quality review before any migration decision,1 referring domains; Top DR 56; 343 links (export snapshot),Not established,Not activated,Business owner + SEO lead,Pending
URL-118,https://www.temporary123.com/equipment-rental/decontamination-trailers/,,/equipment-rental/decontamination-trailers/,Escalate for manual review,,,C,Manual quality review before any migration decision,1 referring domains; Top DR 56; 343 links (export snapshot),Not established,Not activated,Business owner + SEO lead,Pending
URL-119,https://www.temporary123.com/equipment-rental/dump-rental/,,/equipment-rental/dump-rental/,Escalate for manual review,,,C,Manual quality review before any migration decision,1 referring domains; Top DR 56; 239 links (export snapshot),Not established,Not activated,Business owner + SEO lead,Pending
URL-120,https://www.temporary123.com/equipment-rental/generator-trailers/,,/equipment-rental/generator-trailers/,Escalate for manual review,,,C,Manual quality review before any migration decision,1 referring domains; Top DR 56; 239 links (export snapshot),Not established,Not activated,Business owner + SEO lead,Pending
URL-121,https://www.temporary123.com/equipment-rental/mobile-office-trailers/,,/equipment-rental/mobile-office-trailers/,Escalate for manual review,,,C,Manual quality review before any migration decision,1 referring domains; Top DR 56; 343 links (export snapshot),Not established,Not activated,Business owner + SEO lead,Pending
URL-122,https://www.temporary123.com/equipment-rental/multi-trailer/,,/equipment-rental/multi-trailer/,Escalate for manual review,,,C,Manual quality review before any migration decision,1 referring domains; Top DR 56; 343 links (export snapshot),Not established,Not activated,Business owner + SEO lead,Pending
URL-123,https://www.temporary123.com/equipment-rental/port-potties-and-port-johns/,,/equipment-rental/port-potties-and-port-johns/,Escalate for manual review,,,C,Manual quality review before any migration decision,1 referring domains; Top DR 56; 239 links (export snapshot),Not established,Not activated,Business owner + SEO lead,Pending
URL-124,https://www.temporary123.com/equipment-rental/ramp-rental/,,/equipment-rental/ramp-rental/,Escalate for manual review,,,C,Manual quality review before any migration decision,1 referring domains; Top DR 56; 239 links (export snapshot),Not established,Not activated,Business owner + SEO lead,Pending
URL-125,https://www.temporary123.com/equipment-rental/restroom-trailers/,,/equipment-rental/restroom-trailers/,Escalate for manual review,,,C,Manual quality review before any migration decision,1 referring domains; Top DR 56; 343 links (export snapshot),Not established,Not activated,Business owner + SEO lead,Pending
URL-126,https://www.temporary123.com/equipment-rental/shower-trailer/,,/equipment-rental/shower-trailer/,Escalate for manual review,,,C,Manual quality review before any migration decision,1 referring domains; Top DR 56; 343 links (export snapshot),Not established,Not activated,Business owner + SEO lead,Pending
URL-127,https://www.temporary123.com/equipment-rental/stair-rental/,,/equipment-rental/stair-rental/,Escalate for manual review,,,C,Manual quality review before any migration decision,1 referring domains; Top DR 56; 239 links (export snapshot),Not established,Not activated,Business owner + SEO lead,Pending
URL-128,https://www.temporary123.com/equipment-rental/waste-container/,,/equipment-rental/waste-container/,Escalate for manual review,,,C,Manual quality review before any migration decision,1 referring domains; Top DR 56; 239 links (export snapshot),Not established,Not activated,Business owner + SEO lead,Pending
URL-129,https://www.temporary123.com/equipment-rental/wastewater-and-freshwater-container/,,/equipment-rental/wastewater-and-freshwater-container/,Escalate for manual review,,,C,Manual quality review before any migration decision,1 referring domains; Top DR 56; 239 links (export snapshot),Not established,Not activated,Business owner + SEO lead,Pending
URL-130,https://www.temporary123.com/government/correctional-facilities/,,/government/correctional-facilities/,Escalate for manual review,,,E,Insufficient content and backlink source evidence,1 referring domains; Top DR 0; 1 links (export snapshot),Not established,Not activated,Business owner + SEO lead,Pending
URL-131,https://www.temporary123.com/modular-temporary-camp-facilities/,,/modular-temporary-camp-facilities/,Escalate for manual review,,,E,Insufficient content and backlink source evidence,1 referring domains; Top DR 59; 1 links (export snapshot),Not established,Not activated,Business owner + SEO lead,Pending
URL-132,https://www.temporary123.com/modular-temporary-workforce-housing-facilities/,,/modular-temporary-workforce-housing-facilities/,Escalate for manual review,,,C,Manual quality review before any migration decision,1 referring domains; Top DR 56; 1 links (export snapshot),Not established,Not activated,Business owner + SEO lead,Pending
URL-133,https://www.temporary123.com/remote-basecamp-housing-service-company/,,/remote-basecamp-housing-service-company/,Escalate for manual review,,,C,Manual quality review before any migration decision,1 referring domains; Top DR 56; 1 links (export snapshot),Not established,Not activated,Business owner + SEO lead,Pending
URL-134,https://www.temporary123.com/remote-containerized-military-berthing-solution/,,/remote-containerized-military-berthing-solution/,Escalate for manual review,,,E,Insufficient content and backlink source evidence,1 referring domains; Top DR 0; 1 links (export snapshot),Not established,Not activated,Business owner + SEO lead,Pending
URL-135,https://www.temporary123.com/remote-housing-facilities/,,/remote-housing-facilities/,Escalate for manual review,,,C,Manual quality review before any migration decision,1 referring domains; Top DR 56; 1 links (export snapshot),Not established,Not activated,Business owner + SEO lead,Pending
URL-136,https://www.temporary123.com/remote-temporary-workforce-housing-facilities-rental/,,/remote-temporary-workforce-housing-facilities-rental/,Escalate for manual review,,,C,Manual quality review before any migration decision,1 referring domains; Top DR 56; 1 links (export snapshot),Not established,Not activated,Business owner + SEO lead,Pending
URL-137,https://www.temporary123.com/remote-workforce-house-company-in-alabama/,,/remote-workforce-house-company-in-alabama/,Escalate for manual review,,,C,Manual quality review before any migration decision,1 referring domains; Top DR 56; 23068 links (export snapshot),Not established,Not activated,Business owner + SEO lead,Pending
URL-138,https://www.temporary123.com/remote-workforce-house-company-in-hawaii/,,/remote-workforce-house-company-in-hawaii/,Escalate for manual review,,,C,Manual quality review before any migration decision,1 referring domains; Top DR 56; 87 links (export snapshot),Not established,Not activated,Business owner + SEO lead,Pending
URL-139,https://www.temporary123.com/remote-workforce-housing-facilities/,,/remote-workforce-housing-facilities/,Escalate for manual review,,,C,Manual quality review before any migration decision,1 referring domains; Top DR 56; 1 links (export snapshot),Not established,Not activated,Business owner + SEO lead,Pending
URL-140,https://www.temporary123.com/remote-workforce-housing-in-alabama/,,/remote-workforce-housing-in-alabama/,Escalate for manual review,,,C,Manual quality review before any migration decision,1 referring domains; Top DR 56; 1 links (export snapshot),Not established,Not activated,Business owner + SEO lead,Pending
URL-141,https://www.temporary123.com/remote-workforce-housing-rentals-in-arizona/,,/remote-workforce-housing-rentals-in-arizona/,Escalate for manual review,,,C,Manual quality review before any migration decision,1 referring domains; Top DR 56; 23009 links (export snapshot),Not established,Not activated,Business owner + SEO lead,Pending
URL-142,https://www.temporary123.com/remote-workforce-housing-services-in-alaska/,,/remote-workforce-housing-services-in-alaska/,Escalate for manual review,,,C,Manual quality review before any migration decision,1 referring domains; Top DR 56; 22988 links (export snapshot),Not established,Not activated,Business owner + SEO lead,Pending
URL-143,https://www.temporary123.com/remote-workforce-housing-services-in-idaho/,,/remote-workforce-housing-services-in-idaho/,Escalate for manual review,,,C,Manual quality review before any migration decision,1 referring domains; Top DR 56; 87 links (export snapshot),Not established,Not activated,Business owner + SEO lead,Pending
URL-144,https://www.temporary123.com/temporary-remote-workforce-housing-services-in-arkansas/,,/temporary-remote-workforce-housing-services-in-arkansas/,Escalate for manual review,,,C,Manual quality review before any migration decision,1 referring domains; Top DR 56; 87 links (export snapshot),Not established,Not activated,Business owner + SEO lead,Pending
URL-145,https://www.temporary123.com/temporary-remote-workforce-housing-services-in-illinois/,,/temporary-remote-workforce-housing-services-in-illinois/,Escalate for manual review,,,C,Manual quality review before any migration decision,1 referring domains; Top DR 56; 87 links (export snapshot),Not established,Not activated,Business owner + SEO lead,Pending
URL-146,https://www.temporary123.com/temporary-remote-workforce-housing-services-in-massachusetts/,,/temporary-remote-workforce-housing-services-in-massachusetts/,Escalate for manual review,,,C,Manual quality review before any migration decision,1 referring domains; Top DR 56; 87 links (export snapshot),Not established,Not activated,Business owner + SEO lead,Pending
URL-147,https://www.temporary123.com/temporary-remote-workforce-housing-services-in-michigan/,,/temporary-remote-workforce-housing-services-in-michigan/,Escalate for manual review,,,C,Manual quality review before any migration decision,1 referring domains; Top DR 56; 87 links (export snapshot),Not established,Not activated,Business owner + SEO lead,Pending
URL-148,https://www.temporary123.com/workforce-housing-shelters-in-colorado/,,/workforce-housing-shelters-in-colorado/,Escalate for manual review,,,C,Manual quality review before any migration decision,1 referring domains; Top DR 56; 87 links (export snapshot),Not established,Not activated,Business owner + SEO lead,Pending
URL-149,https://www.temporary123.com/wp-content/uploads/2023/04/2-Food-Service-Design.png,,/wp-content/uploads/2023/04/2-Food-Service-Design.png,Escalate for manual review,,,E,Insufficient content and backlink source evidence,1 referring domains; Top DR 51; 1 links (export snapshot),Not established,Not activated,Business owner + SEO lead,Pending
